ACL v0.4 @ 0.01cm,UE 4.15 @ 0.1cm,UE 4.15 @ 0.01cm
1.088339,0.905882,0.698413
1.088339,0.905882,0.698413
1.624258,1.69697,1.20078
1.624258,1.69697,1.20078
1.624258,1.711111,1.20078
2.676806,2.954437,1.983897
3.157355,3.40708,2.248175
3.157355,3.40708,2.248175
3.85,3.906977,2.507463
5.112033,4.874636,3.266172
5.112033,5.292096,3.266172
5.893455,5.292096,3.640662
5.97176,5.614583,3.640662
5.97176,6.251691,3.956326
6.166166,6.251691,3.956326
6.166166,6.821705,3.956326
6.409989,6.821705,4.026144
6.409989,6.821705,4.026144
6.502463,7.036345,4.078296
6.602105,7.036345,4.078296
6.602105,7.076923,4.078296
6.776678,7.076923,4.078296
6.830645,7.076923,4.127303
6.830645,7.076923,4.177361
7.032187,7.146172,4.177361
7.032187,7.225806,4.177361
7.048391,7.318359,4.177361
7.096247,7.398275,4.183908
7.168,7.403846,4.183908
7.193074,7.414551,4.219178
7.20152,7.415663,4.219178
7.242494,7.418376,4.258765
7.318812,7.430865,4.258765
7.318812,7.544196,4.258765
7.346452,7.545057,4.258765
7.354178,7.545057,4.258765
7.36255,7.545057,4.258765
7.405754,7.563082,4.258765
7.409669,7.563082,4.259418
7.424041,7.577424,4.259418
7.432221,7.626667,4.259418
7.432221,7.626667,4.259418
7.435765,7.626667,4.265084
7.435765,7.647436,4.267559
7.459711,7.656776,4.267559
7.473137,7.656776,4.295676
7.517925,7.670498,4.295676
7.675241,7.670498,4.295676
7.68,7.670498,4.301676
7.68,7.675578,4.307693
7.703704,7.676362,4.311625
7.776645,7.692877,4.330159
7.779793,7.693795,4.330159
7.790164,7.693795,4.330159
7.799614,7.693795,4.330159
7.799614,7.700414,4.330159
7.800995,7.733127,4.336058
7.855473,7.733127,4.336058
7.886603,7.748428,4.36036
7.894273,7.748428,4.36036
7.907574,7.76063,4.36036
7.907574,7.781368,4.36036
7.909947,7.781368,4.36036
7.916001,7.788331,4.36036
7.92465,7.790424,4.362992
7.931118,7.803642,4.362992
7.932811,7.813148,4.362992
7.932811,7.814523,4.367856
7.948387,7.814523,4.367856
7.951733,7.832879,4.367856
7.983096,7.832879,4.368794
8.01636,7.832879,4.390776
8.017851,7.832879,4.390776
8.02046,7.832879,4.390776
8.043011,7.832879,4.390776
8.044199,7.836888,4.390776
8.046277,7.84,4.396306
8.046277,7.848858,4.396306
8.063138,7.848858,4.396306
8.083365,7.853894,4.396306
8.09608,7.882277,4.419844
8.099594,7.882647,4.419844
8.116257,7.883959,4.419844
8.126183,7.889477,4.419844
8.144419,7.906651,4.419844
8.163574,7.916829,4.419844
8.166451,7.920647,4.419844
8.171526,7.920647,4.425287
8.172908,7.920647,4.425287
8.172908,7.920647,4.425287
8.192192,7.931331,4.425287
8.192192,7.941946,4.425287
8.218813,7.979275,4.425287
8.221163,7.981441,4.430744
8.221163,7.98289,4.436214
8.224622,7.985857,4.442885
8.226629,7.989958,4.442885
8.228837,7.989958,4.444822
8.233293,8.002403,4.444822
8.237952,8.017354,4.447653
8.237952,8.017354,4.447653
8.258193,8.017354,4.447653
8.272329,8.024048,4.447653
8.275764,8.027933,4.447653
8.292654,8.027933,4.449824
8.292654,8.036302,4.449824
8.299401,8.079492,4.453012
8.313873,8.079492,4.456785
8.314111,8.079492,4.458384
8.319214,8.080937,4.463768
8.322385,8.080937,4.463768
8.346884,8.086758,4.463768
8.346884,8.086758,4.468881
8.353269,8.097808,4.477799
8.3644,8.110736,4.479143
8.367558,8.111934,4.493827
8.380953,8.111934,4.494528
8.382582,8.118211,4.498877
8.401032,8.118211,4.511611
8.406948,8.118211,4.511611
8.432168,8.118211,4.517785
8.451622,8.118211,4.517785
8.453202,8.118211,4.517785
8.482786,8.121292,4.517785
8.491228,8.129416,4.517785
8.503882,8.13328,4.518068
8.503882,8.143532,4.518068
8.504698,8.143532,4.522761
8.526846,8.145142,4.522761
8.537894,8.145502,4.534174
8.551413,8.148149,4.534174
8.561707,8.148149,4.534174
8.562988,8.154311,4.539682
8.569288,8.155764,4.541337
8.575063,8.155764,4.541337
8.578616,8.16009,4.55493
8.598367,8.165342,4.5559
8.601168,8.170818,4.5559
8.632947,8.174026,4.5559
8.680065,8.180358,4.560606
8.680065,8.180358,4.560606
8.685887,8.18125,4.565322
8.685887,8.18125,4.565322
8.687528,8.18125,4.565322
8.702614,8.191489,4.566184
8.703918,8.191489,4.571429
8.705998,8.191489,4.575768
8.705998,8.191489,4.575768
8.74928,8.191489,4.576832
8.754663,8.191489,4.576832
8.754663,8.196939,4.57953
8.756014,8.196939,4.587234
8.75797,8.211467,4.589569
8.75797,8.213512,4.589569
8.761572,8.216294,4.589569
8.767326,8.223482,4.589569
8.768136,8.232704,4.594034
8.768683,8.232704,4.594034
8.769316,8.232704,4.594034
8.770913,8.232704,4.595456
8.774929,8.232704,4.595456
8.784788,8.235294,4.598507
8.788124,8.235294,4.598507
8.792026,8.235294,4.6
8.792463,8.237255,4.6
8.79752,8.243683,4.601807
8.813991,8.243866,4.601807
8.823635,8.252548,4.604485
8.824951,8.255265,4.604485
8.830276,8.256143,4.604485
8.833404,8.256143,4.61313
8.833404,8.257971,4.61313
8.833652,8.272329,4.624021
8.845491,8.272329,4.624021
8.845707,8.276392,4.624021
8.863309,8.282553,4.624129
8.884101,8.282589,4.624129
8.889194,8.289206,4.62723
8.896704,8.293194,4.62723
8.903713,8.294032,4.627533
8.910692,8.294913,4.630838
8.910692,8.29685,4.630838
8.919842,8.299401,4.630868
8.922917,8.300073,4.630868
8.925306,8.300073,4.631579
8.928843,8.301115,4.631579
8.928843,8.305265,4.63232
8.933166,8.310012,4.633093
8.939792,8.310012,4.635936
8.944034,8.31309,4.636559
8.947348,8.31309,4.636771
8.956511,8.314111,4.640836
8.960931,8.315434,4.641231
8.965879,8.31808,4.64135
8.977099,8.323591,4.645551
8.98942,8.325876,4.645551
8.98942,8.325876,4.654222
8.996984,8.335378,4.654912
8.996984,8.336183,4.657462
9.023314,8.342607,4.657462
9.030541,8.342607,4.659606
9.032258,8.343115,4.662511
9.032258,8.343115,4.665253
9.042866,8.344731,4.67075
9.043178,8.350035,4.67075
9.047255,8.353352,4.672009
9.057238,8.353456,4.673748
9.066335,8.363636,4.675167
9.074711,8.363636,4.678481
9.083359,8.36824,4.678936
9.092251,8.378523,4.682274
9.094488,8.379789,4.683041
9.122172,8.381991,4.683041
9.129904,8.383886,4.683363
9.133981,8.384932,4.68639
9.13507,8.385714,4.689457
9.144804,8.392802,4.689457
9.147099,8.39413,4.691679
9.1495,8.407655,4.693821
9.1526,8.407655,4.697726
9.1526,8.410631,4.697987
9.15633,8.412718,4.697987
9.156934,8.413513,4.701638
9.171831,8.417551,4.705053
9.175011,8.417551,4.705441
9.182448,8.418301,4.709228
9.188544,8.418301,4.709752
9.204805,8.421195,4.710491
9.212363,8.426517,4.712568
9.222812,8.427291,4.712568
9.222812,8.428735,4.716434
9.224252,8.43364,4.718663
9.227836,8.436045,4.72103
9.229268,8.436245,4.724185
9.24541,8.438356,4.724394
9.246437,8.442983,4.732292
9.249497,8.444415,4.733686
9.251369,8.444445,4.734488
9.251878,8.445361,4.734694
9.254695,8.447216,4.739697
9.263158,8.447614,4.743247
9.263158,8.448276,4.747127
9.263158,8.453759,4.747591
9.266383,8.455574,4.748042
9.278025,8.469769,4.748042
9.293103,8.470307,4.749422
9.296,8.470984,4.749422
9.298113,8.480447,4.749422
9.313643,8.480781,4.749422
9.31481,8.48312,4.751064
9.319213,8.486559,4.753087
9.322034,8.486559,4.753087
9.326268,8.489526,4.756757
9.327581,8.489579,4.758535
9.328403,8.497804,4.76016
9.337621,8.499343,4.761277
9.348087,8.50564,4.762464
9.350611,8.505966,4.762887
9.352167,8.507491,4.764114
9.353107,8.510096,4.764114
9.377991,8.513479,4.7649
9.381478,8.515008,4.76685
9.400039,8.518195,4.769911
9.403115,8.522523,4.769911
9.403384,8.524042,4.77095
9.406801,8.526976,4.772171
9.412318,8.530871,4.772642
9.418406,8.532433,4.772807
9.418406,8.532982,4.775194
9.42016,8.532982,4.781371
9.424912,8.533505,4.781371
9.424912,8.533505,4.786438
9.430202,8.533535,4.7866
9.438119,8.534005,4.786824
9.438324,8.537205,4.786824
9.450959,8.537205,4.788547
9.452446,8.537768,4.788547
9.452446,8.537768,4.788871
9.459753,8.538449,4.790103
9.463274,8.553248,4.792079
9.463274,8.560359,4.792609
9.471635,8.560359,4.796602
9.475493,8.560615,4.796602
9.477964,8.562819,4.797033
9.47984,8.562819,4.797033
9.480975,8.565681,4.797753
9.498734,8.566538,4.802659
9.50163,8.566624,4.804883
9.503322,8.566624,4.805674
9.507866,8.566888,4.806063
9.525773,8.568779,4.807135
9.525773,8.568779,4.808015
9.527138,8.574359,4.808081
9.538624,8.574359,4.809032
9.542498,8.576271,4.811251
9.542772,8.578616,4.811267
9.542772,8.580875,4.811267
9.54552,8.585423,4.811361
9.54552,8.586109,4.8125
9.547346,8.588845,4.8125
9.552941,8.593134,4.8125
9.555244,8.596887,4.8125
9.555678,8.596887,4.813168
9.557796,8.600805,4.814346
9.55965,8.603017,4.817518
9.563868,8.60501,4.817801
9.568147,8.605207,4.818014
9.571386,8.610538,4.818671
9.579642,8.610722,4.819047
9.582222,8.610722,4.820428
9.585532,8.612331,4.820428
9.587548,8.613145,4.821918
9.592299,8.613145,4.822187
9.597568,8.614673,4.823491
9.6,8.615385,4.82503
9.604797,8.615385,4.825856
9.611808,8.615385,4.825856
9.615478,8.616786,4.826641
9.619219,8.617432,4.826641
9.621823,8.618083,4.827135
9.622108,8.618349,4.827549
9.628499,8.618349,4.828439
9.628499,8.619883,4.830245
9.632634,8.62146,4.830245
9.638691,8.623389,4.831639
9.638691,8.624,4.831639
9.661956,8.624,4.831639
9.661956,8.624,4.831673
9.663894,8.627451,4.831673
9.668161,8.632516,4.833425
9.67742,8.635514,4.833425
9.681729,8.635649,4.833758
9.681729,8.635664,4.833803
9.683289,8.635664,4.833934
9.685534,8.63609,4.834792
9.697468,8.637105,4.836479
9.697468,8.637232,4.836524
9.705952,8.638725,4.836792
9.711172,8.641283,4.837077
9.718349,8.641283,4.837077
9.729401,8.642388,4.837462
9.732563,8.642858,4.837554
9.735538,8.644296,4.837697
9.735538,8.646288,4.837697
9.73913,8.654077,4.838848
9.741358,8.655405,4.838963
9.742508,8.659493,4.840305
9.749921,8.660147,4.841298
9.756883,8.660147,4.841516
9.756883,8.660147,4.841565
9.756883,8.661697,4.842767
9.757002,8.661797,4.842767
9.76827,8.661797,4.842809
9.772607,8.663107,4.843359
9.784968,8.66963,4.844208
9.785002,8.66963,4.845095
9.788618,8.672207,4.845444
9.792407,8.674117,4.845444
9.800568,8.674117,4.84561
9.801453,8.675214,4.845675
9.801453,8.678448,4.846284
9.801453,8.680309,4.847057
9.824561,8.681373,4.847183
9.825036,8.683544,4.847402
9.825915,8.688543,4.84761
9.825915,8.689655,4.848053
9.827274,8.694294,4.848273
9.827274,8.696996,4.849389
9.830876,8.697445,4.849442
9.833524,8.697445,4.849442
9.836558,8.697675,4.851107
9.836712,8.698148,4.851262
9.836712,8.699415,4.851299
9.840157,8.702177,4.851426
9.841927,8.703682,4.851517
9.844515,8.703918,4.851769
9.848007,8.703918,4.851936
9.850916,8.704617,4.852055
9.862467,8.706714,4.852405
9.867014,8.706714,4.852431
9.875481,8.710866,4.852516
9.883431,8.711679,4.854099
9.885786,8.711844,4.854166
9.890738,8.713408,4.854166
9.892934,8.713408,4.854862
9.896718,8.715232,4.856484
9.898067,8.715232,4.856555
9.902111,8.715698,4.856595
9.90272,8.716981,4.856721
9.904968,8.717856,4.858448
9.910619,8.718964,4.858576
9.912087,8.720995,4.85884
9.914163,8.720995,4.859066
9.919485,8.721095,4.859101
9.921364,8.723783,4.859101
9.921364,8.725739,4.859317
9.925156,8.725823,4.859597
9.925682,8.730483,4.860588
9.925781,8.730483,4.860657
9.925781,8.731396,4.860657
9.940091,8.732962,4.862092
9.940145,8.734895,4.86221
9.943639,8.734895,4.862484
9.954862,8.737589,4.862724
9.957637,8.73767,4.863753
9.96119,8.738853,4.86408
9.96119,8.740284,4.864877
9.96119,8.740284,4.865206
9.964603,8.743667,4.865331
9.964885,8.743703,4.866199
9.964885,8.743703,4.86634
9.970786,8.744306,4.866378
9.98006,8.745168,4.866378
9.990732,8.748796,4.8664
9.990801,8.75,4.866589
9.992947,8.752277,4.866589
9.999584,8.752277,4.866606
9.999584,8.752541,4.866797
10.000877,8.757613,4.868603
10.004963,8.757655,4.868603
10.019476,8.760303,4.868803
10.022371,8.760756,4.869049
10.024931,8.76358,4.869354
10.024931,8.764228,4.869694
10.02543,8.76494,4.869829
10.02543,8.768683,4.870378
10.026667,8.769897,4.870482
10.028064,8.772756,4.87053
10.028064,8.772756,4.87053
10.043478,8.775287,4.870997
10.061117,8.776325,4.871186
10.080058,8.777935,4.871186
10.080183,8.781287,4.871228
10.086688,8.781561,4.871801
10.089997,8.782351,4.872182
10.097962,8.786981,4.872211
10.097962,8.787288,4.872656
10.106018,8.787288,4.872811
10.106483,8.787447,4.872906
10.108611,8.787447,4.873194
10.11249,8.789293,4.873529
10.117498,8.789536,4.874382
10.117747,8.789773,4.874382
10.121941,8.789954,4.874431
10.123569,8.789954,4.874517
10.124469,8.790151,4.87456
10.124674,8.792388,4.874636
10.134126,8.795917,4.874636
10.134609,8.796418,4.87482
10.134609,8.797888,4.875357
10.14054,8.797939,4.875989
10.14054,8.797939,4.876141
10.142262,8.8,4.876414
10.142262,8.8,4.876532
10.143128,8.805353,4.876617
10.145559,8.805353,4.876825
10.147779,8.806212,4.876832
10.151522,8.807511,4.876979
10.151522,8.807873,4.877897
10.169274,8.809153,4.877918
10.171928,8.810232,4.878104
10.171928,8.81259,4.878168
10.176058,8.81259,4.878255
10.180711,8.815414,4.878255
10.184578,8.815742,4.879028
10.192469,8.816322,4.879028
10.196622,8.816954,4.879208
10.200323,8.817163,4.879208
10.203153,8.817325,4.879752
10.204689,8.820068,4.879752
10.204689,8.820489,4.879908
10.208182,8.823407,4.880036
10.210509,8.823606,4.880282
10.214094,8.824029,4.880282
10.215992,8.824142,4.881029
10.221053,8.825684,4.881178
10.222261,8.825958,4.881178
10.222495,8.827519,4.881287
10.223485,8.827556,4.881287
10.223485,8.829278,4.882135
10.224681,8.829713,4.882251
10.229211,8.829983,4.882273
10.229372,8.830276,4.882293
10.229372,8.830276,4.882312
10.233339,8.831577,4.882312
10.23766,8.831751,4.882584
10.244246,8.832117,4.882689
10.259467,8.832996,4.882689
10.25964,8.835121,4.883704
10.262866,8.838852,4.883704
10.262866,8.840861,4.883757
10.268979,8.841474,4.883757
10.268979,8.841618,4.884161
10.275021,8.842062,4.884328
10.276985,8.845491,4.884328
10.278347,8.846376,4.885107
10.282625,8.847315,4.885254
10.285271,8.847397,4.885413
10.286837,8.847397,4.885486
10.28896,8.849578,4.885523
10.289977,8.849871,4.885702
10.295264,8.850574,4.885962
10.295264,8.854675,4.886187
10.295751,8.85929,4.886256
10.296368,8.861522,4.886495
10.303465,8.865967,4.886672
10.303465,8.866767,4.886692
10.30687,8.86887,4.886798
10.307151,8.86911,4.888276
10.310676,8.87029,4.888479
10.316145,8.87228,4.888479
10.316145,8.872283,4.8885
10.319963,8.873228,4.888889
10.321139,8.8733,4.889086
10.321139,8.874769,4.889177
10.322489,8.875951,4.889301
10.323719,8.876563,4.889859
10.328934,8.876563,4.889999
10.328934,8.877005,4.890102
10.330011,8.879736,4.890854
10.330011,8.880292,4.890927
10.332903,8.880292,4.891375
10.336396,8.880948,4.891774
10.336396,8.881282,4.892632
10.341303,8.884615,4.892772
10.341859,8.887846,4.893023
10.345418,8.889235,4.893145
10.351699,8.889644,4.893145
10.351699,8.889828,4.893204
10.355578,8.890995,4.893458
10.355908,8.890995,4.89368
10.355908,8.894301,4.893952
10.358062,8.894855,4.894126
10.358823,8.894962,4.894727
10.358823,8.895143,4.894938
10.360196,8.897196,4.895147
10.360856,8.897196,4.896111
10.36305,8.897778,4.896661
10.36305,8.897778,4.896661
10.364354,8.898664,4.896774
10.368093,8.898876,4.896924
10.373164,8.899225,4.896924
10.373164,8.899225,4.897133
10.375134,8.899716,4.897394
10.383361,8.901734,4.897547
10.387451,8.901772,4.897547
10.387858,8.903548,4.897723
10.389597,8.903548,4.898096
10.389597,8.903548,4.898401
10.393579,8.90364,4.898885
10.393579,8.904074,4.899069
10.394822,8.904411,4.899095
10.394822,8.909752,4.899213
10.397779,8.909881,4.89945
10.399367,8.91048,4.899616
10.400386,8.91188,4.899657
10.403753,8.912761,4.899857
10.403753,8.912868,4.899869
10.410949,8.917058,4.899929
10.411748,8.92136,4.900134
10.414371,8.922563,4.900383
10.416298,8.922885,4.900557
10.416961,8.922885,4.900648
10.417278,8.924179,4.901129
10.417951,8.924343,4.901284
10.418093,8.925764,4.901375
10.421909,8.925764,4.901505
10.424034,8.926149,4.901505
10.428535,8.927536,4.901505
10.430096,8.927536,4.901654
10.431533,8.927536,4.901776
10.432941,8.930473,4.901872
10.4362,8.93095,4.902152
10.446043,8.931234,4.902296
10.452489,8.931458,4.902728
10.453873,8.931458,4.902974
10.453873,8.93232,4.903126
10.454667,8.93258,4.903494
10.454667,8.940417,4.903494
10.454854,8.940417,4.903901
10.459786,8.940562,4.903926
10.459786,8.940652,4.904202
10.459786,8.940941,4.904814
10.460465,8.941232,4.904835
10.460592,8.941321,4.904894
10.460592,8.942913,4.905438
10.463948,8.943474,4.905905
10.469588,8.94452,4.905905
10.476191,8.945112,4.906156
10.476518,8.945801,4.906156
10.477494,8.946612,4.90617
10.481311,8.949561,4.906195
10.481311,8.949857,4.906412
10.482403,8.951724,4.906542
10.482403,8.953994,4.906634
10.482941,8.957143,4.907252
10.488798,8.958223,4.90728
10.488798,8.96,4.907322
10.489291,8.9607,4.907322
10.48962,8.9607,4.907418
10.48962,8.961715,4.907435
10.498569,8.963437,4.907766
10.510386,8.966679,4.907769
10.510664,8.96734,4.907782
10.514936,8.96734,4.907797
10.514936,8.967464,4.907797
10.515507,8.968825,4.907912
10.515507,8.969632,4.908016
10.516392,8.969697,4.908311
10.516392,8.974859,4.908591
10.522523,8.975715,4.908642
10.522523,8.976936,4.908941
10.523868,8.977213,4.909057
10.52518,8.981443,4.909144
10.528278,8.981443,4.909144
10.535428,8.98158,4.909149
10.535428,8.982821,4.909193
10.541177,8.982821,4.909211
10.541177,8.983334,4.909211
10.544586,8.983593,4.909526
10.544586,8.983593,4.909526
10.545491,8.984536,4.909685
10.546656,8.984831,4.909685
10.546656,8.985193,4.909871
10.547282,8.985414,4.910151
10.548154,8.985476,4.910195
10.552652,8.986081,4.91023
10.557258,8.987342,4.910268
10.558333,8.994965,4.910488
10.559027,8.996805,4.91052
10.560425,8.99744,4.910668
10.560425,8.999089,4.910668
10.563551,8.999657,4.910739
10.564802,9.000801,4.911046
10.56667,9.000801,4.911186
10.567908,9.002353,4.911265
10.572,9.003301,4.911431
10.572,9.003392,4.911483
10.572614,9.004955,4.911814
10.574338,9.005056,4.911842
10.574635,9.006266,4.911975
10.587224,9.00646,4.912094
10.588866,9.008641,4.912187
10.593293,9.008947,4.912281
10.594052,9.010638,4.912689
10.596331,9.012321,4.912883
10.596331,9.012541,4.913077
10.601357,9.013477,4.913178
10.610209,9.013737,4.913178
10.610209,9.014634,4.913315
10.612994,9.014634,4.913845
10.613428,9.016263,4.91424
10.615253,9.016263,4.91424
10.615253,9.016949,4.914536
10.618484,9.017567,4.914536
10.620689,9.017567,4.914602
10.620689,9.018707,4.914602
10.620689,9.019185,4.914799
10.620689,9.019523,4.914814
10.623932,9.021168,4.914814
10.623932,9.022742,4.914894
10.624555,9.023241,4.915007
10.626159,9.028111,4.915091
10.626159,9.029217,4.915091
10.627156,9.031026,4.91545
10.629558,9.031656,4.915748
10.629853,9.031782,4.915751
10.631799,9.031809,4.915827
10.632579,9.031809,4.915899
10.632812,9.032704,4.915986
10.638806,9.033414,4.91611
10.641699,9.03417,4.916285
10.642574,9.034296,4.916811
10.643313,9.038194,4.916811
10.643628,9.03891,4.917058
10.644673,9.039702,4.917099
10.649991,9.040165,4.917214
10.651592,9.040395,4.917717
10.651592,9.040428,4.917717
10.654709,9.040428,4.917895
10.654956,9.042541,4.918079
10.656615,9.04336,4.918219
10.656707,9.044823,4.918403
10.658427,9.047526,4.918429
10.660768,9.047765,4.918429
10.661686,9.050695,4.918429
10.662471,9.050695,4.918878
10.662795,9.053289,4.919203
10.662906,9.054385,4.919317
10.662906,9.054385,4.919602
10.662906,9.054458,4.920218
10.663886,9.054493,4.920372
10.666667,9.054493,4.920638
10.670958,9.058824,4.920839
10.671089,9.058824,4.920843
10.677209,9.058824,4.921021
10.677209,9.05962,4.92107
10.680327,9.062198,4.92107
10.680327,9.063267,4.921165
10.680582,9.063267,4.921314
10.684106,9.064629,4.92136
10.684106,9.064786,4.92136
10.686066,9.064837,4.921496
10.689805,9.065112,4.921983
10.691,9.066516,4.922145
10.692268,9.067059,4.92219
10.698947,9.067059,4.922271
10.698947,9.067714,4.922362
10.701114,9.068889,4.922374
10.703222,9.068889,4.92302
10.710077,9.069638,4.923274
10.710655,9.072321,4.923466
10.710989,9.072868,4.923513
10.713433,9.073702,4.923553
10.713433,9.073831,4.923732
10.714665,9.076158,4.923758
10.717185,9.07674,4.923758
10.718269,9.077862,4.924248
10.718818,9.078032,4.924432
10.7211,9.078361,4.924464
10.7211,9.080054,4.924464
10.724316,9.081225,4.924623
10.726368,9.081225,4.924623
10.72809,9.081231,4.924632
10.731539,9.08135,4.924669
10.736132,9.081967,4.924957
10.736132,9.082708,4.924969
10.737659,9.082719,4.925251
10.738031,9.085107,4.925251
10.740157,9.085638,4.925422
10.740157,9.08572,4.925612
10.743405,9.086058,4.925682
10.744811,9.086879,4.925728
10.747311,9.087607,4.925926
10.747374,9.088691,4.926412
10.747862,9.089522,4.926424
10.747862,9.090278,4.926603
10.75064,9.091075,4.926674
10.752644,9.092437,4.927335
10.754336,9.092784,4.927655
10.754809,9.094022,4.927866
10.754809,9.09466,4.928
10.755799,9.097047,4.928176
10.755799,9.097551,4.9285
10.760549,9.097551,4.928717
10.760549,9.100174,4.928717
10.760565,9.100958,4.928728
10.760571,9.100958,4.928917
10.760571,9.101917,4.92893
10.763602,9.10192,4.929066
10.764563,9.102406,4.929272
10.771458,9.102714,4.9293
10.771477,9.103275,4.929343
10.772239,9.103448,4.92936
10.772239,9.103448,4.929762
10.773785,9.104995,4.930216
10.779439,9.105109,4.930388
10.784538,9.105109,4.930388
10.784538,9.106342,4.930778
10.786093,9.107527,4.930907
10.789394,9.107618,4.930931
10.789394,9.108772,4.930959
10.78989,9.108888,4.931035
10.793492,9.108888,4.931035
10.793856,9.109329,4.931177
10.794906,9.109859,4.931429
10.799216,9.109859,4.931587
10.801509,9.110132,4.931682
10.801856,9.111094,4.932082
10.803508,9.111434,4.932082
10.803508,9.112953,4.932289
10.804385,9.113253,4.932457
10.804385,9.113569,4.932974
10.807017,9.114691,4.933067
10.808026,9.1168,4.933496
10.808026,9.120296,4.933507
10.808334,9.120337,4.933759
10.809816,9.120728,4.933794
10.809816,9.120728,4.934967
10.809913,9.121038,4.934996
10.809913,9.121422,4.935419
10.81184,9.121422,4.935419
10.815389,9.121422,4.93547
10.815389,9.123164,4.935856
10.816199,9.123242,4.93604
10.819016,9.123242,4.93604
10.821981,9.123746,4.936291
10.82212,9.124373,4.936431
10.82212,9.124818,4.936777
10.826937,9.125926,4.93732
10.827616,9.125926,4.937615
10.828524,9.126557,4.937692
10.828524,9.126935,4.938004
10.831804,9.12803,4.938087
10.831971,9.128394,4.938254
10.831971,9.128394,4.938419
10.832092,9.128527,4.938424
10.832092,9.129,4.938445
10.832827,9.129812,4.938458
10.835532,9.129981,4.938929
10.836266,9.129981,4.939047
10.837545,9.130399,4.93925
10.837716,9.130623,4.93964
10.838952,9.132075,4.940814
10.846075,9.133825,4.94088
10.848797,9.13396,4.94088
10.848797,9.13396,4.941176
10.849315,9.134016,4.941176
10.849315,9.134734,4.941198
10.849315,9.134737,4.941272
10.849315,9.135001,4.941272
10.850191,9.13513,4.941477
10.851813,9.135186,4.941477
10.854152,9.135186,4.941571
10.856903,9.136005,4.941967
10.856977,9.137171,4.942378
10.859941,9.137171,4.943291
10.862456,9.138233,4.94335
10.862456,9.138417,4.943516
10.863285,9.138461,4.943743
10.870843,9.139783,4.943949
10.871203,9.140234,4.944273
10.871489,9.14093,4.944401
10.872835,9.143471,4.944614
10.874403,9.144162,4.944736
10.874541,9.144578,4.944789
10.87678,9.145053,4.944954
10.87795,9.145898,4.944997
10.87795,9.14606,4.945027
10.879236,9.146838,4.945039
10.880435,9.148245,4.945123
10.880589,9.150009,4.945123
10.882498,9.15283,4.945241
10.884754,9.153134,4.945241
10.887957,9.154363,4.945584
10.892202,9.155754,4.94571
10.892202,9.156538,4.946202
10.894715,9.156538,4.946286
10.894715,9.156756,4.946397
10.900331,9.156756,4.94679
10.901736,9.157108,4.947282
10.901736,9.157108,4.94738
10.902101,9.159675,4.947402
10.902655,9.159732,4.947402
10.902655,9.16341,4.947509
10.90524,9.163497,4.947582
10.913728,9.163651,4.947791
10.914795,9.16411,4.94825
10.920328,9.164878,4.948595
10.921429,9.167186,4.948619
10.924407,9.167614,4.948669
10.924407,9.168327,4.948826
10.925994,9.168372,4.949395
10.925994,9.170547,4.949715
10.926271,9.170866,4.949715
10.93423,9.17113,4.94972
10.93423,9.17163,4.95004
10.935362,9.172434,4.950058
10.93611,9.174062,4.950093
10.938087,9.174062,4.952219
10.938087,9.175091,4.952344
10.938507,9.176401,4.952621
10.939212,9.177258,4.952705
10.94063,9.177296,4.95291
10.941533,9.178373,4.95297
10.944521,9.179499,4.953141
10.944521,9.179499,4.953141
10.94855,9.182415,4.953311
10.951932,9.182874,4.953442
10.954357,9.18386,4.953629
10.954357,9.183876,4.954122
10.961093,9.185965,4.954679
10.961093,9.186538,4.956397
10.961636,9.186609,4.956558
10.963809,9.18789,4.95666
10.970976,9.18789,4.95666
10.971123,9.188315,4.956762
10.971619,9.188463,4.956981
10.97777,9.189508,4.957009
10.97777,9.189523,4.957016
10.979315,9.191843,4.957016
10.979315,9.192098,4.957052
10.987737,9.192201,4.957332
10.98827,9.192248,4.957393
10.994878,9.192616,4.957393
10.997743,9.192672,4.957491
10.998147,9.192698,4.957525
11,9.192771,4.957534
11.000779,9.193057,4.957596
11.005039,9.194904,4.957617
11.007691,9.19517,4.958088
11.011659,9.195175,4.958095
11.014304,9.195963,4.958426
11.016826,9.196123,4.958986
11.017453,9.196831,4.959496
11.021948,9.196901,4.95965
11.021948,9.196901,4.959724
11.022424,9.197378,4.959743
11.02292,9.197586,4.959743
11.023388,9.197586,4.959899
11.023388,9.197741,4.959899
11.024609,9.197769,4.96
11.026936,9.198808,4.960299
11.029779,9.199635,4.960299
11.034056,9.199635,4.960577
11.034056,9.199873,4.960859
11.036267,9.200696,4.96092
11.036738,9.200696,4.961401
11.037905,9.201542,4.961445
11.038651,9.201942,4.962195
11.038651,9.202354,4.962827
11.042334,9.202354,4.963198
11.042334,9.202482,4.963416
11.042418,9.20437,4.964005
11.043776,9.204782,4.964451
11.044204,9.204854,4.964451
11.044204,9.205595,4.964932
11.044565,9.205595,4.96536
11.05172,9.206118,4.965472
11.052103,9.206779,4.966025
11.052103,9.206823,4.966073
11.055525,9.206867,4.967936
11.055612,9.206913,4.967989
11.056639,9.208411,4.968482
11.058543,9.208607,4.968623
11.063013,9.208708,4.968796
11.063013,9.208832,4.968796
11.064327,9.209929,4.968796
11.065629,9.210742,4.969656
11.065868,9.211561,4.969771
11.070603,9.211964,4.970171
11.07088,9.212854,4.970539
11.076617,9.213675,4.970653
11.076617,9.214335,4.970938
11.080764,9.214593,4.971386
11.083214,9.215048,4.971386
11.083827,9.215748,4.971386
11.084347,9.217216,4.97156
11.085507,9.217216,4.971854
11.092356,9.217483,4.971854
11.094378,9.217483,4.971962
11.096243,9.217579,4.972109
11.097442,9.217579,4.972112
11.097895,9.217579,4.972744
11.099099,9.218369,4.973193
11.101664,9.21943,4.973531
11.101823,9.219956,4.973567
11.111934,9.223077,4.974197
11.111934,9.22353,4.974259
11.118953,9.224982,4.974457
11.119134,9.225204,4.975111
11.119134,9.226098,4.975385
11.121556,9.22658,4.975953
11.123149,9.226917,4.976231
11.123361,9.227955,4.976313
11.125349,9.228464,4.976532
11.125349,9.229675,4.976772
11.125349,9.230284,4.976896
11.125524,9.23187,4.976896
11.125879,9.232004,4.977682
11.130498,9.232004,4.978413
11.130819,9.233126,4.978429
11.131802,9.233223,4.978692
11.131952,9.233223,4.979215
11.13253,9.233785,4.979325
11.133532,9.233994,4.979607
11.136338,9.236312,4.979708
11.140117,9.238293,4.979743
11.141206,9.238293,4.97979
11.142118,9.238699,4.979825
11.143535,9.239252,4.979825
11.143535,9.24,4.9801
11.1453,9.24,4.980201
11.145442,9.240241,4.981648
11.14917,9.240392,4.981878
11.149784,9.240651,4.981878
11.149811,9.240698,4.981998
11.150685,9.240848,4.982712
11.150685,9.241266,4.982841
11.152289,9.241664,4.982889
11.152289,9.241664,4.983051
11.152762,9.242982,4.983094
11.154032,9.242982,4.983574
11.156533,9.245206,4.983651
11.156533,9.246451,4.983967
11.15997,9.247334,4.984132
11.160658,9.247535,4.984132
11.160658,9.247818,4.984251
11.161213,9.248042,4.984548
11.161213,9.248138,4.984625
11.163877,9.248138,4.985243
11.165374,9.249249,4.985495
11.165374,9.249494,4.985568
11.170686,9.249514,4.985768
11.170686,9.24961,4.985768
11.171082,9.250883,4.986493
11.173269,9.250883,4.986845
11.175654,9.25187,4.986845
11.175937,9.252174,4.987137
11.176621,9.252185,4.987158
11.176848,9.252522,4.987158
11.176848,9.252932,4.987582
11.180887,9.253219,4.987899
11.180942,9.253583,4.988036
11.181884,9.253743,4.988036
11.185905,9.255179,4.98804
11.187429,9.255179,4.98804
11.187483,9.255373,4.988276
11.189198,9.255425,4.988317
11.193216,9.256088,4.988414
11.193818,9.256198,4.988732
11.194166,9.256654,4.988838
11.194166,9.257545,4.989408
11.194381,9.257633,4.989722
11.195536,9.258687,4.990891
11.196549,9.25913,4.990963
11.196549,9.2601,4.990979
11.198017,9.260131,4.990997
11.198661,9.260465,4.991087
11.199039,9.262168,4.991597
11.199039,9.262168,4.991928
11.199152,9.262424,4.992398
11.199793,9.263702,4.992398
11.20096,9.264424,4.993059
11.204477,9.264424,4.993273
11.20623,9.26464,4.993482
11.20682,9.266958,4.993639
11.206868,9.266958,4.993988
11.208513,9.267029,4.994595
11.209419,9.267257,4.994595
11.209419,9.267305,4.994595
11.209908,9.267361,4.994805
11.214248,9.268341,4.995334
11.216995,9.268472,4.995334
11.220208,9.268518,4.995366
11.220208,9.268518,4.995664
11.220333,9.268518,4.995833
11.221939,9.26887,4.996367
11.224821,9.269364,4.996367
11.224821,9.269623,4.99646
11.225932,9.269772,4.996692
11.227187,9.27003,4.996822
11.229899,9.271731,4.996822
11.232377,9.272579,4.997192
11.233932,9.272579,4.99779
11.234493,9.272579,4.997811
11.234493,9.272727,4.997843
11.236633,9.273118,4.999106
11.236633,9.273118,4.999895
11.238731,9.273384,5
11.241534,9.273617,5.000125
11.241726,9.273961,5.000216
11.241928,9.274005,5.000782
11.242193,9.274801,5.001059
11.243362,9.275572,5.001419
11.243654,9.275772,5.001439
11.24518,9.275926,5.001439
11.248599,9.276199,5.001709
11.248599,9.276199,5.001911
11.254442,9.276571,5.002073
11.254442,9.276582,5.002073
11.256153,9.276739,5.002137
11.257261,9.279601,5.00232
11.257261,9.280255,5.002487
11.261343,9.28035,5.003279
11.26413,9.28035,5.003279
11.26413,9.282844,5.00383
11.264237,9.283688,5.00383
11.264237,9.283688,5.004026
11.265002,9.283869,5.00403
11.267818,9.283869,5.004113
11.271581,9.284184,5.004597
11.271729,9.285001,5.005253
11.272193,9.286019,5.005253
11.272193,9.287488,5.005517
11.273928,9.287694,5.005618
11.274308,9.287887,5.005618
11.279337,9.289414,5.006128
11.280322,9.289414,5.006128
11.28033,9.289827,5.006167
11.280576,9.29013,5.006228
11.281364,9.29013,5.006788
11.282323,9.290798,5.006896
11.283083,9.291758,5.007455
11.285723,9.29179,5.007572
11.285723,9.29373,5.007763
11.287219,9.294148,5.007911
11.28953,9.294258,5.007914
11.28953,9.294925,5.008196
11.293251,9.295899,5.008472
11.294183,9.295948,5.008478
11.297714,9.296746,5.008534
11.301406,9.298433,5.008604
11.301406,9.298829,5.008857
11.304332,9.298969,5.009239
11.304332,9.299323,5.009786
11.304685,9.299764,5.009965
11.309669,9.300656,5.009982
11.309669,9.303545,5.010746
11.30978,9.304385,5.010846
11.314423,9.30507,5.010929
11.317128,9.307693,5.011642
11.317128,9.307693,5.011642
11.318954,9.308232,5.011752
11.319283,9.308651,5.011752
11.320856,9.308982,5.012097
11.322293,9.309824,5.01231
11.323153,9.309905,5.012568
11.323955,9.310761,5.014184
11.323955,9.311094,5.014402
11.329076,9.311902,5.014701
11.333561,9.312469,5.015016
11.333561,9.313417,5.015054
11.335089,9.313442,5.015221
11.335633,9.313626,5.01537
11.339271,9.313636,5.0154
11.341125,9.313739,5.01547
11.342256,9.313943,5.015544
11.345957,9.315608,5.015576
11.346959,9.316469,5.015708
11.347748,9.317266,5.01592
11.347748,9.317647,5.016627
11.348918,9.317647,5.016892
11.349143,9.318011,5.017084
11.35112,9.318921,5.017084
11.351964,9.319213,5.017473
11.355787,9.319213,5.018137
11.356505,9.32078,5.01833
11.36182,9.32078,5.018408
11.363513,9.321398,5.018682
11.364093,9.321881,5.018901
11.36492,9.321881,5.019613
11.36492,9.322052,5.019791
11.365518,9.322145,5.020003
11.365518,9.322145,5.020203
11.366225,9.323591,5.021252
11.367805,9.324219,5.021924
11.36831,9.325373,5.022029
11.370174,9.325591,5.022029
11.373395,9.325797,5.022074
11.375489,9.325916,5.022799
11.378421,9.326087,5.022901
11.381063,9.329446,5.02298
11.382399,9.329685,5.02298
11.38364,9.332074,5.023027
11.38364,9.332672,5.023334
11.383984,9.333333,5.023542
11.385379,9.333333,5.023559
11.388235,9.335182,5.023559
11.388235,9.335773,5.024554
11.390071,9.335773,5.02537
11.390347,9.336659,5.025371
11.391411,9.336742,5.025615
11.391585,9.339486,5.026661
11.392398,9.34004,5.02702
11.393776,9.340275,5.027091
11.393776,9.340409,5.027091
11.399075,9.341088,5.02728
11.399075,9.34166,5.027581
11.401623,9.34166,5.027581
11.402232,9.341721,5.028775
11.402232,9.341721,5.028908
11.402926,9.342876,5.028908
11.402926,9.343153,5.029636
11.404081,9.343421,5.029636
11.404081,9.343945,5.029691
11.408598,9.344511,5.030074
11.409382,9.344548,5.030547
11.409382,9.344548,5.030853
11.409656,9.344813,5.031775
11.410692,9.344813,5.032158
11.411321,9.345874,5.032536
11.411985,9.34833,5.032822
11.412322,9.348394,5.032871
11.41297,9.349431,5.033461
11.41297,9.349523,5.034095
11.41297,9.350199,5.034637
11.413029,9.3506,5.034741
11.413446,9.351089,5.035123
11.413446,9.35166,5.035201
11.414263,9.351756,5.035929
11.417428,9.352713,5.03595
11.419961,9.353016,5.036566
11.422517,9.353107,5.036599
11.426644,9.354159,5.036882
11.426644,9.354413,5.036882
11.42686,9.355424,5.037275
11.435551,9.355632,5.037789
11.435597,9.355632,5.037858
11.437086,9.355632,5.037955
11.437086,9.355903,5.039346
11.437884,9.356962,5.039461
11.437979,9.358875,5.039835
11.439056,9.359116,5.040154
11.439384,9.359116,5.040685
11.439384,9.359805,5.040764
11.44,9.360165,5.041203
11.440253,9.360533,5.041993
11.440464,9.360533,5.042292
11.440464,9.360953,5.04246
11.440934,9.361351,5.042821
11.442399,9.361501,5.043525
11.447094,9.361635,5.043931
11.447154,9.362011,5.043931
11.447514,9.362091,5.043963
11.448284,9.363132,5.044781
11.449687,9.365665,5.045102
11.453722,9.366082,5.045201
11.454007,9.366082,5.045504
11.455816,9.366548,5.04558
11.456539,9.368132,5.046202
11.456539,9.36865,5.046212
11.457571,9.368821,5.047517
11.461329,9.37102,5.047945
11.463213,9.371939,5.048594
11.463213,9.371999,5.048594
11.463271,9.373053,5.04861
11.463868,9.373053,5.048768
11.465982,9.373432,5.048882
11.467528,9.373913,5.049181
11.468714,9.375788,5.04944
11.470391,9.376025,5.049711
11.470391,9.376493,5.049711
11.470656,9.378021,5.049711
11.470656,9.378076,5.050157
11.471504,9.379259,5.050608
11.472465,9.379353,5.050625
11.476439,9.380176,5.050659
11.477323,9.380383,5.050674
11.477359,9.380774,5.050788
11.478261,9.381285,5.051374
11.478261,9.381793,5.051439
11.48072,9.381793,5.051505
11.48072,9.382543,5.051517
11.481004,9.382654,5.051684
11.481004,9.382781,5.052104
11.481827,9.383327,5.052821
11.483214,9.384221,5.052821
11.488965,9.384221,5.055015
11.489724,9.384681,5.055681
11.490434,9.384681,5.055681
11.491489,9.385308,5.056062
11.493916,9.386428,5.056256
11.497827,9.386428,5.056319
11.500911,9.387283,5.056347
11.501895,9.390448,5.05689
11.501895,9.391018,5.058465
11.503546,9.391018,5.058555
11.505466,9.393072,5.058621
11.50615,9.393503,5.059713
11.50615,9.395833,5.059915
11.506337,9.39624,5.059915
11.506937,9.397812,5.05997
11.507298,9.397812,5.060366
11.507441,9.398556,5.060366
11.509024,9.398556,5.060959
11.509094,9.402105,5.06111
11.510146,9.403597,5.06111
11.512164,9.40458,5.061438
11.512164,9.405017,5.061438
11.512504,9.405445,5.061438
11.512718,9.405489,5.061627
11.514019,9.406173,5.062284
11.516684,9.406838,5.063151
11.517863,9.407115,5.063181
11.520247,9.407351,5.06356
11.521327,9.407702,5.063755
11.522394,9.408171,5.063755
11.522394,9.40857,5.063975
11.525239,9.40857,5.063975
11.525619,9.410147,5.064386
11.525619,9.41023,5.064712
11.52575,9.41086,5.064834
11.52575,9.411444,5.065293
11.527248,9.411444,5.065427
11.53152,9.411573,5.065427
11.531981,9.411573,5.06579
11.533843,9.411863,5.066298
11.535233,9.415361,5.066597
11.536827,9.415838,5.066667
11.538685,9.415838,5.067015
11.540699,9.415838,5.067724
11.54812,9.415881,5.067724
11.550577,9.41716,5.067861
11.551928,9.41716,5.068355
11.553584,9.41863,5.068704
11.55477,9.420054,5.069265
11.559174,9.420365,5.069474
11.562508,9.420611,5.069495
11.564827,9.421941,5.069604
11.567351,9.421941,5.070253
11.567369,9.422204,5.070708
11.568075,9.423169,5.070749
11.569762,9.423169,5.071393
11.578339,9.423346,5.071393
11.578339,9.423511,5.07149
11.578339,9.423702,5.071856
11.578947,9.426798,5.071903
11.578947,9.427958,5.071928
11.580622,9.427958,5.071928
11.582142,9.428572,5.072065
11.584628,9.428572,5.072546
11.584741,9.429454,5.073898
11.585989,9.429927,5.074337
11.587051,9.430052,5.074511
11.587408,9.430052,5.074527
11.587408,9.430989,5.074917
11.589286,9.431643,5.074917
11.589286,9.431941,5.075006
11.590449,9.432422,5.075663
11.592021,9.432634,5.075761
11.596025,9.432756,5.075932
11.597489,9.433004,5.076045
11.602118,9.434041,5.076687
11.602118,9.434947,5.076708
11.605797,9.436814,5.076842
11.607503,9.4375,5.07761
11.608097,9.437947,5.077712
11.608218,9.437967,5.077795
11.610395,9.438324,5.077996
11.610744,9.438709,5.078041
11.610989,9.438709,5.078098
11.611149,9.438709,5.078098
11.611687,9.438845,5.078845
11.614048,9.43889,5.078845
11.614048,9.438944,5.078845
11.614139,9.438944,5.079563
11.614971,9.439625,5.079563
11.614971,9.440613,5.080092
11.616649,9.440613,5.080502
11.617116,9.440613,5.080626
11.617116,9.440613,5.080626
11.617504,9.441344,5.081067
11.618315,9.441344,5.081898
11.623854,9.441795,5.082051
11.624362,9.441795,5.082201
11.624672,9.442517,5.08282
11.625932,9.444445,5.08282
11.626424,9.444701,5.083557
11.626617,9.444757,5.083557
11.627309,9.44625,5.084173
11.628604,9.446505,5.084899
11.631152,9.446609,5.085141
11.636209,9.447853,5.08553
11.636209,9.44856,5.085544
11.63728,9.450185,5.085544
11.63728,9.450488,5.086238
11.640976,9.450772,5.086926
11.642167,9.455634,5.086926
11.643719,9.456141,5.086926
11.643912,9.457013,5.087253
11.645177,9.458268,5.087253
11.645626,9.459176,5.087425
11.651726,9.459657,5.087428
11.654379,9.460069,5.087633
11.655762,9.460751,5.088785
11.659163,9.461285,5.088785
11.660935,9.461285,5.089034
11.660935,9.462751,5.090408
11.664261,9.462751,5.090518
11.668552,9.463566,5.090909
11.668552,9.464213,5.090909
11.671672,9.464442,5.091416
11.67402,9.465207,5.092913
11.67543,9.465782,5.092913
11.676765,9.46734,5.092993
11.677725,9.46734,5.092993
11.67832,9.467932,5.092993
11.67832,9.467983,5.093435
11.679423,9.468354,5.093623
11.68433,9.469639,5.094499
11.687469,9.470943,5.094503
11.689198,9.471095,5.095659
11.690349,9.47178,5.09606
11.691044,9.472154,5.096601
11.691239,9.472222,5.096786
11.691684,9.4726,5.096786
11.692001,9.473127,5.097014
11.692403,9.473145,5.097292
11.692403,9.473145,5.097292
11.692539,9.473412,5.098132
11.69356,9.47404,5.098132
11.69356,9.474518,5.098201
11.695366,9.475208,5.098201
11.697976,9.476018,5.098596
11.698009,9.476923,5.098958
11.699268,9.478817,5.098958
11.700961,9.479133,5.099338
11.70302,9.479195,5.099338
11.704969,9.479238,5.099494
11.708092,9.479238,5.09972
11.709113,9.480315,5.09985
11.710783,9.480616,5.09985
11.714098,9.481818,5.100147
11.720819,9.481818,5.100147
11.72227,9.482133,5.100176
11.723313,9.482534,5.100303
11.72407,9.483017,5.100689
11.725888,9.484768,5.100689
11.725888,9.484893,5.101766
11.72594,9.485416,5.101799
11.726995,9.486875,5.102153
11.727041,9.487267,5.102153
11.727818,9.487443,5.102453
11.728674,9.488889,5.102678
11.729896,9.488889,5.102874
11.730751,9.489089,5.102959
11.730751,9.490196,5.103124
11.731225,9.491978,5.103226
11.734336,9.492459,5.103625
11.735525,9.492636,5.103895
11.735525,9.492759,5.104297
11.735717,9.49352,5.104851
11.738657,9.493996,5.104972
11.739018,9.494133,5.104972
11.740433,9.494133,5.104972
11.742129,9.495978,5.104972
11.745294,9.49612,5.104972
11.745559,9.496504,5.104972
11.749157,9.496917,5.106996
11.751782,9.497183,5.107178
11.751782,9.497797,5.107178
11.75991,9.498267,5.107178
11.759947,9.498805,5.107257
11.759947,9.498818,5.107877
11.761662,9.49887,5.107947
11.763208,9.498944,5.108524
11.763282,9.499658,5.108737
11.764029,9.499903,5.108911
11.764029,9.501286,5.109005
11.764456,9.501375,5.109005
11.764456,9.501952,5.109457
11.764456,9.503011,5.109457
11.765472,9.503149,5.109924
11.77353,9.503694,5.109954
11.774617,9.504587,5.109954
11.78007,9.504587,5.111427
11.781167,9.504939,5.111427
11.782651,9.505649,5.111726
11.783641,9.506173,5.112303
11.784822,9.506173,5.11237
11.78523,9.506614,5.112391
11.78523,9.506614,5.112687
11.786923,9.507483,5.113015
11.79092,9.508402,5.114107
11.793236,9.508525,5.114107
11.793236,9.510689,5.114291
11.794604,9.510917,5.115993
11.795986,9.51264,5.116088
11.796251,9.5144,5.116439
11.797601,9.517315,5.117907
11.802837,9.5177,5.117907
11.805074,9.5177,5.118094
11.805074,9.517856,5.118124
11.807713,9.518329,5.118326
11.80864,9.518329,5.119696
11.808833,9.519353,5.119746
11.810347,9.519353,5.119746
11.810347,9.520111,5.120465
11.810665,9.521143,5.120565
11.814101,9.521143,5.120782
11.814258,9.521717,5.120782
11.8162,9.521717,5.12114
11.818065,9.521796,5.12114
11.818065,9.521997,5.121345
11.819555,9.522351,5.121345
11.820525,9.523084,5.122334
11.820525,9.526111,5.122582
11.821935,9.526889,5.122752
11.827152,9.527176,5.122752
11.8272,9.527345,5.123462
11.827544,9.527345,5.124118
11.827957,9.528066,5.124853
11.830605,9.529457,5.125677
11.830605,9.530343,5.125677
11.831098,9.533868,5.12581
11.831098,9.535213,5.125823
11.833026,9.53587,5.12595
11.833342,9.53587,5.12595
11.833342,9.5375,5.126806
11.838294,9.537755,5.126806
11.84024,9.538288,5.127124
11.841819,9.538462,5.127167
11.845254,9.538462,5.127698
11.848141,9.539823,5.127698
11.848399,9.540476,5.12782
11.848516,9.541192,5.12782
11.855387,9.541346,5.12782
11.855425,9.541961,5.128834
11.85772,9.54299,5.128834
11.857848,9.543294,5.129143
11.859206,9.543294,5.129143
11.862773,9.543394,5.130781
11.863052,9.543432,5.13087
11.864532,9.543662,5.130958
11.866646,9.545365,5.131196
11.867667,9.545913,5.131552
11.869075,9.546322,5.131552
11.870226,9.546784,5.13164
11.875069,9.5474,5.13164
11.875848,9.547733,5.131792
11.878126,9.548,5.131792
11.885094,9.548,5.132279
11.885094,9.548465,5.13235
11.888858,9.54939,5.132423
11.89261,9.549574,5.132423
11.892634,9.550859,5.132573
11.892634,9.551868,5.132782
11.893601,9.551868,5.132892
11.893601,9.552579,5.133333
11.896636,9.55291,5.133671
11.897367,9.553914,5.134084
11.900304,9.555613,5.134172
11.900304,9.556086,5.134172
11.902491,9.558301,5.134297
11.902575,9.558808,5.134522
11.903381,9.55928,5.134522
11.908145,9.559345,5.134702
11.909713,9.559462,5.135601
11.911228,9.559462,5.135695
11.911602,9.559749,5.135695
11.911602,9.56032,5.135779
11.91543,9.56032,5.135779
11.91654,9.560861,5.136793
11.918806,9.562234,5.136793
11.91941,9.563694,5.138181
11.919947,9.563694,5.138181
11.920065,9.565217,5.138524
11.920642,9.565217,5.139366
11.922023,9.565217,5.139632
11.922153,9.565217,5.139758
11.922153,9.565908,5.139758
11.922487,9.566382,5.139867
11.928921,9.566667,5.140414
11.938088,9.566667,5.140414
11.938833,9.56784,5.141045
11.938833,9.568244,5.141818
11.93976,9.568932,5.141818
11.940645,9.568932,5.142
11.943326,9.56927,5.142
11.949457,9.569365,5.142319
11.955789,9.56991,5.142545
11.958641,9.56991,5.143652
11.959246,9.57,5.144397
11.959712,9.570352,5.144517
11.95985,9.570948,5.144517
11.960564,9.573529,5.144635
11.960727,9.57445,5.144685
11.962045,9.574485,5.144904
11.962865,9.57513,5.145226
11.966206,9.575892,5.145644
11.966832,9.575892,5.145795
11.966974,9.576997,5.146255
11.967229,9.576997,5.146287
11.967653,9.577385,5.147324
11.967671,9.577586,5.147554
11.973557,9.577586,5.148072
11.973557,9.577653,5.148172
11.975773,9.577917,5.148614
11.976099,9.577917,5.149433
11.976332,9.577947,5.150044
11.97728,9.580646,5.150044
11.977401,9.580646,5.150415
11.977615,9.581635,5.150996
11.979057,9.581635,5.151655
11.980285,9.582062,5.151732
11.981281,9.582077,5.151732
11.981281,9.58294,5.151732
11.981821,9.583301,5.152048
11.981821,9.583879,5.152213
11.982557,9.584947,5.152297
11.983539,9.586441,5.152477
11.984103,9.586592,5.152559
11.984103,9.586707,5.152582
11.985805,9.587187,5.152582
11.988024,9.587548,5.152778
11.99084,9.589041,5.152778
11.996364,9.5892,5.153374
11.997299,9.589524,5.153429
11.997299,9.590941,5.153694
11.997629,9.590941,5.153694
11.997982,9.591323,5.153694
11.998167,9.593443,5.153908
11.998555,9.594561,5.154353
11.999627,9.595311,5.154487
12.00049,9.595311,5.154589
12.000613,9.595506,5.154739
12.000613,9.59583,5.154963
12.002275,9.596244,5.154963
12.002631,9.597615,5.154963
12.003118,9.599469,5.155049
12.003118,9.599469,5.155611
12.003388,9.600493,5.15582
12.005977,9.600904,5.15582
12.006045,9.601494,5.155883
12.006576,9.601518,5.156197
12.010737,9.601918,5.15625
12.010789,9.602256,5.15625
12.01163,9.604146,5.156804
12.011834,9.604301,5.156881
12.012883,9.6047,5.157001
12.013254,9.605745,5.157159
12.016848,9.606335,5.157209
12.018064,9.607173,5.157209
12.018441,9.608018,5.157358
12.019308,9.608018,5.157454
12.019308,9.608163,5.157454
12.01994,9.608319,5.158485
12.020815,9.608434,5.158736
12.021656,9.608798,5.158736
12.022145,9.608798,5.159181
12.024253,9.610561,5.159278
12.024355,9.6109,5.159278
12.025432,9.611501,5.159539
12.027232,9.61541,5.160116
12.027894,9.61541,5.160617
12.028007,9.61561,5.161081
12.028169,9.615985,5.161397
12.028221,9.616075,5.161479
12.028251,9.616461,5.161496
12.030005,9.617844,5.16153
12.03162,9.61826,5.16153
12.033836,9.618738,5.161561
12.033843,9.620992,5.16159
12.034545,9.621145,5.162732
12.036098,9.621145,5.162801
12.036143,9.621435,5.162835
12.037653,9.621868,5.16376
12.039088,9.622136,5.163814
12.039088,9.622291,5.163895
12.039088,9.625,5.163895
12.039448,9.630015,5.163953
12.039498,9.630015,5.163953
12.040331,9.630497,5.163995
12.042192,9.630788,5.163995
12.042802,9.630953,5.163995
12.042851,9.63102,5.164039
12.045426,9.631689,5.164415
12.045996,9.632082,5.164885
12.046,9.632218,5.165276
12.048245,9.632218,5.165381
12.049188,9.632282,5.165618
12.049417,9.632718,5.166346
12.051465,9.633136,5.166346
12.054529,9.633286,5.166898
12.055028,9.633619,5.166898
12.056646,9.633921,5.16737
12.057042,9.634123,5.167711
12.057042,9.634508,5.167711
12.058272,9.635628,5.167933
12.061638,9.636007,5.168198
12.062296,9.636475,5.168806
12.064479,9.637654,5.168806
12.06727,9.638095,5.16959
12.06727,9.638387,5.16964
12.069632,9.638537,5.169695
12.072438,9.638761,5.169695
12.073834,9.638988,5.169867
12.073834,9.639231,5.170012
12.076177,9.639231,5.170106
12.078431,9.639894,5.170561
12.078431,9.640062,5.170561
12.078689,9.64114,5.171491
12.082898,9.64114,5.171491
12.08317,9.64114,5.171532
12.08317,9.641555,5.171532
12.083971,9.641555,5.171805
12.084988,9.642056,5.171805
12.086569,9.642137,5.172091
12.086718,9.643221,5.17237
12.086718,9.643668,5.17237
12.087389,9.644999,5.173087
12.08762,9.645349,5.173161
12.087788,9.645891,5.173986
12.092247,9.645891,5.174272
12.094136,9.646462,5.174543
12.097017,9.646696,5.17562
12.100052,9.646792,5.176784
12.100876,9.648192,5.176784
12.101979,9.648648,5.177043
12.104513,9.648648,5.177043
12.105278,9.650541,5.177043
12.108286,9.65085,5.177073
12.109611,9.651226,5.178059
12.109611,9.651383,5.178923
12.110588,9.651931,5.178994
12.111133,9.652422,5.179108
12.113883,9.652884,5.179363
12.116191,9.652968,5.1794
12.116575,9.653651,5.1794
12.116614,9.653856,5.179493
12.116614,9.654291,5.179819
12.119525,9.654765,5.180289
12.12037,9.655478,5.180289
12.120593,9.655478,5.181032
12.120647,9.655533,5.181032
12.121057,9.655533,5.181224
12.121057,9.658126,5.181637
12.122639,9.659878,5.182448
12.123161,9.660432,5.182448
12.123611,9.661939,5.182641
12.123611,9.662695,5.182822
12.12485,9.662695,5.182822
12.12485,9.662745,5.18383
12.126134,9.662745,5.183917
12.126134,9.664148,5.184474
12.129689,9.664447,5.184509
12.133028,9.665272,5.184593
12.133541,9.665272,5.184593
12.133661,9.665272,5.185373
12.133961,9.665272,5.185542
12.135508,9.665702,5.18587
12.135647,9.66625,5.186312
12.135647,9.666778,5.186349
12.138213,9.666778,5.186609
12.139248,9.666827,5.186813
12.139994,9.666957,5.187613
12.139994,9.667153,5.187658
12.141079,9.669114,5.187817
12.142009,9.669114,5.187979
12.142028,9.669436,5.188126
12.142542,9.669436,5.188126
12.144907,9.67057,5.188613
12.145393,9.67099,5.188613
12.145968,9.671497,5.188684
12.146813,9.671728,5.188796
12.14683,9.672017,5.189014
12.14683,9.672017,5.190273
12.153398,9.673534,5.190437
12.153733,9.674055,5.19083
12.153995,9.674309,5.191011
12.155942,9.675629,5.191011
12.159913,9.675866,5.191167
12.165898,9.676675,5.192337
12.165898,9.677596,5.192337
12.168764,9.677596,5.194576
12.17035,9.678828,5.194994
12.170974,9.679154,5.195009
12.173244,9.679356,5.195181
12.173588,9.679706,5.195181
12.173588,9.679706,5.195181
12.176515,9.680312,5.195312
12.181395,9.680508,5.195312
12.181395,9.680688,5.195343
12.182539,9.683192,5.19612
12.185392,9.684916,5.19612
12.185833,9.685224,5.196904
12.185833,9.685534,5.198052
12.186916,9.686134,5.198312
12.186954,9.687947,5.198704
12.188528,9.688369,5.198957
12.189761,9.68892,5.199043
12.191122,9.68892,5.199467
12.191231,9.689452,5.199467
12.195009,9.690269,5.199748
12.195683,9.691951,5.2
12.196988,9.693155,5.2
12.19802,9.693664,5.200091
12.19802,9.694064,5.200187
12.198327,9.694398,5.200837
12.198394,9.694746,5.200837
12.199631,9.696065,5.201175
12.202891,9.696237,5.201431
12.204975,9.696297,5.20166
12.205271,9.696297,5.20166
12.205271,9.696498,5.201675
12.207031,9.696498,5.201735
12.207781,9.696498,5.201735
12.208146,9.696769,5.201852
12.208717,9.69785,5.202154
12.209545,9.700465,5.202154
12.210842,9.700788,5.202154
12.211453,9.702127,5.202454
12.21288,9.706303,5.202806
12.213564,9.706303,5.202806
12.213588,9.70654,5.202806
12.214784,9.707532,5.203211
12.214784,9.708068,5.20344
12.215719,9.70889,5.203557
12.219029,9.709114,5.203824
12.219763,9.71131,5.205634
12.221586,9.712576,5.205634
12.222222,9.712576,5.206221
12.224599,9.712938,5.206504
12.225456,9.714358,5.206504
12.228322,9.715436,5.206877
12.229502,9.715773,5.206928
12.231127,9.716457,5.206928
12.232297,9.716745,5.207959
12.233924,9.717514,5.208369
12.234937,9.718876,5.209143
12.238014,9.718876,5.209147
12.238739,9.720688,5.209147
12.242746,9.721629,5.209475
12.243251,9.721961,5.209713
12.244043,9.721961,5.210611
12.244965,9.723463,5.21072
12.246024,9.723733,5.21072
12.246807,9.724289,5.211023
12.249099,9.724289,5.21202
12.249495,9.724455,5.212241
12.249743,9.725111,5.212241
12.250241,9.725111,5.212461
12.250393,9.725244,5.212759
12.251339,9.725261,5.213732
12.251934,9.72535,5.213766
12.254564,9.725491,5.213766
12.255268,9.725958,5.213793
12.256011,9.725958,5.214053
12.257261,9.726806,5.215959
12.257261,9.727393,5.216216
12.257331,9.727393,5.216232
12.257696,9.729084,5.216528
12.259619,9.729084,5.216528
12.25974,9.729484,5.21697
12.260194,9.729516,5.21697
12.261871,9.729848,5.217572
12.264144,9.729848,5.218031
12.264144,9.730987,5.218042
12.264177,9.731227,5.218042
12.267858,9.731765,5.2181
12.268672,9.731765,5.2181
12.271169,9.73179,5.218988
12.272391,9.731918,5.218988
12.273889,9.732188,5.21984
12.273889,9.732498,5.220148
12.273889,9.732525,5.221427
12.275554,9.732718,5.221711
12.276266,9.7329,5.222102
12.276266,9.73399,5.222372
12.276266,9.735037,5.223355
12.279915,9.735485,5.223744
12.280058,9.7366,5.223994
12.282758,9.737262,5.224964
12.284033,9.739259,5.225338
12.28483,9.739986,5.225338
12.285324,9.74008,5.225338
12.28533,9.743944,5.225387
12.28588,9.74453,5.225653
12.288908,9.74453,5.226562
12.291808,9.744633,5.227442
12.292243,9.744633,5.227655
12.294065,9.747472,5.227655
12.294118,9.749407,5.228084
12.296147,9.750465,5.228146
12.29638,9.750465,5.228448
12.299781,9.75057,5.228779
12.300434,9.752759,5.22894
12.303669,9.752898,5.229245
12.303775,9.75306,5.229249
12.304077,9.753754,5.229713
12.306575,9.753754,5.231422
12.312717,9.754305,5.231422
12.313319,9.75506,5.231472
12.319463,9.755852,5.232972
12.321037,9.75666,5.23301
12.321208,9.756964,5.233417
12.326464,9.757086,5.23348
12.326464,9.75744,5.23348
12.329321,9.75744,5.233766
12.329474,9.757984,5.23412
12.329585,9.75878,5.234234
12.330961,9.760564,5.234377
12.332214,9.761652,5.234757
12.332561,9.763689,5.235951
12.333293,9.763689,5.23597
12.333293,9.7643,5.236059
12.333293,9.7643,5.236476
12.334195,9.764459,5.236476
12.334398,9.764901,5.236568
12.334621,9.768223,5.236698
12.334786,9.768248,5.236901
12.336191,9.768444,5.23755
12.336191,9.768788,5.237627
12.336191,9.768788,5.237881
12.337101,9.768983,5.238552
12.33753,9.769231,5.238627
12.339127,9.769616,5.238633
12.339971,9.771224,5.239645
12.34002,9.771574,5.240755
12.341247,9.772033,5.241081
12.341435,9.77317,5.242908
12.345643,9.77317,5.243173
12.346064,9.773345,5.244164
12.347576,9.773717,5.244618
12.348902,9.774405,5.244622
12.349545,9.774405,5.244622
12.349876,9.774546,5.245107
12.350268,9.774546,5.246634
12.353582,9.777148,5.246634
12.355022,9.777778,5.24732
12.357747,9.778381,5.247675
12.359528,9.778974,5.248137
12.359826,9.779876,5.248714
12.361204,9.780525,5.248807
12.362645,9.780653,5.249096
12.363726,9.780792,5.249096
12.364338,9.780792,5.25036
12.366872,9.781492,5.25036
12.366889,9.781492,5.25036
12.366955,9.782278,5.250678
12.366955,9.78269,5.250678
12.366981,9.784179,5.251297
12.368963,9.785174,5.251449
12.371252,9.785174,5.251449
12.372108,9.786011,5.251464
12.377197,9.786062,5.25188
12.379494,9.786783,5.25188
12.379694,9.787727,5.252049
12.380445,9.787755,5.252209
12.381001,9.78789,5.25267
12.381681,9.789079,5.25267
12.385185,9.789288,5.253877
12.387035,9.789731,5.254379
12.387167,9.791004,5.25527
12.388533,9.791004,5.255332
12.391042,9.791655,5.25552
12.391088,9.792821,5.25552
12.39127,9.79452,5.256742
12.393795,9.794929,5.257154
12.393795,9.795053,5.257154
12.395971,9.797472,5.257154
12.397434,9.797845,5.257434
12.398329,9.799078,5.258844
12.404576,9.799078,5.258844
12.405317,9.80011,5.259911
12.407839,9.800128,5.260148
12.407839,9.800683,5.260192
12.41472,9.800984,5.260549
12.41472,9.803183,5.26123
12.415206,9.803183,5.26123
12.416922,9.804178,5.26123
12.417837,9.805572,5.261589
12.41795,9.805873,5.261774
12.418657,9.806603,5.26361
12.419486,9.807796,5.264075
12.424456,9.807867,5.264957
12.425703,9.807867,5.26555
12.428144,9.808305,5.266448
12.431364,9.808305,5.266807
12.432337,9.810719,5.267582
12.433781,9.813505,5.26809
12.434566,9.814157,5.269187
12.434872,9.814157,5.269196
12.436468,9.814157,5.269679
12.440275,9.814289,5.270144
12.44515,9.815912,5.270226
12.445741,9.815912,5.270451
12.447091,9.815912,5.271492
12.447091,9.816313,5.271954
12.450928,9.816313,5.273085
12.451525,9.817643,5.273184
12.451591,9.817643,5.273515
12.452225,9.818354,5.273915
12.463181,9.818792,5.274777
12.465541,9.818792,5.274777
12.465862,9.819245,5.275465
12.469955,9.821837,5.276034
12.471272,9.823256,5.276115
12.471966,9.823533,5.276115
12.472646,9.825521,5.276465
12.473631,9.825521,5.276465
12.474837,9.825857,5.276479
12.476641,9.825857,5.276479
12.476641,9.827515,5.277039
12.479191,9.830774,5.277603
12.479506,9.831314,5.277694
12.47983,9.831545,5.278115
12.47983,9.831638,5.278758
12.47983,9.831689,5.27896
12.483656,9.834251,5.280161
12.485478,9.835767,5.280182
12.486767,9.835796,5.280238
12.487167,9.836979,5.280334
12.491111,9.837089,5.280382
12.493439,9.838644,5.280778
12.496777,9.838657,5.281887
12.497272,9.839211,5.281993
12.497293,9.839329,5.28372
12.497697,9.839329,5.283985
12.500206,9.841173,5.283985
12.500864,9.841173,5.283999
12.503696,9.84142,5.284037
12.503881,9.84142,5.284037
12.505415,9.84164,5.284084
12.508534,9.842424,5.284314
12.512443,9.844748,5.284433
12.513134,9.844748,5.284582
12.513997,9.844748,5.286743
12.514845,9.845061,5.287304
12.51499,9.845387,5.289321
12.515001,9.845387,5.28937
12.518472,9.847444,5.289384
12.521566,9.848276,5.289618
12.521566,9.848276,5.290378
12.527692,9.85069,5.291102
12.527692,9.852274,5.291118
12.528942,9.853747,5.291716
12.528942,9.855398,5.291774
12.531972,9.856339,5.291977
12.53463,9.856339,5.293107
12.53689,9.856974,5.293504
12.538259,9.857293,5.293504
12.538698,9.859155,5.294695
12.54141,9.861182,5.295495
12.542482,9.863173,5.295495
12.542721,9.863444,5.295619
12.544168,9.863444,5.295619
12.546252,9.864036,5.296327
12.546511,9.866525,5.298262
12.548381,9.866558,5.298545
12.550057,9.866835,5.298925
12.552737,9.866835,5.298925
12.55479,9.867433,5.298992
12.55577,9.867433,5.299489
12.555845,9.868313,5.299489
12.555899,9.868313,5.300191
12.558754,9.868586,5.300191
12.559908,9.868595,5.300629
12.560605,9.868782,5.301019
12.562588,9.868782,5.302034
12.562588,9.869159,5.302471
12.564191,9.869934,5.302471
12.568195,9.869934,5.303378
12.568195,9.870338,5.303378
12.569425,9.873201,5.304688
12.5703,9.873201,5.304915
12.572062,9.874809,5.305167
12.573073,9.876665,5.305448
12.574926,9.877826,5.305968
12.580648,9.877826,5.305988
12.582867,9.877939,5.306079
12.583579,9.877939,5.307211
12.584947,9.877939,5.307485
12.584947,9.878422,5.307668
12.588206,9.879081,5.308113
12.590446,9.879784,5.30943
12.590446,9.880265,5.310345
12.592709,9.880391,5.310759
12.592709,9.882353,5.31203
12.596869,9.883369,5.312418
12.597502,9.884158,5.313156
12.600683,9.885999,5.31502
12.60139,9.88724,5.315325
12.604102,9.88724,5.31539
12.6042,9.887402,5.31539
12.606071,9.88841,5.315844
12.609086,9.888502,5.317518
12.609086,9.889429,5.318681
12.611194,9.891233,5.318681
12.611194,9.892467,5.319126
12.612378,9.892715,5.319139
12.612378,9.892715,5.319792
12.621277,9.893167,5.32
12.621414,9.893245,5.320212
12.622382,9.894623,5.320944
12.623187,9.894737,5.322389
12.623795,9.9,5.322581
12.624321,9.900852,5.322672
12.624333,9.904716,5.322672
12.626119,9.904957,5.324114
12.627068,9.906192,5.324375
12.628165,9.906192,5.324676
12.630413,9.907557,5.324706
12.633437,9.907557,5.324841
12.633498,9.907692,5.325335
12.634971,9.907692,5.326087
12.636318,9.90799,5.326662
12.636567,9.909862,5.326662
12.638936,9.910649,5.327537
12.64039,9.912087,5.328207
12.64173,9.912535,5.329193
12.642242,9.913079,5.329888
12.643583,9.913277,5.33201
12.64445,9.913307,5.332151
12.64445,9.913429,5.332347
12.64577,9.914163,5.332358
12.646707,9.914163,5.332634
12.653747,9.914163,5.333839
12.654573,9.914163,5.333957
12.658266,9.914304,5.333957
12.658266,9.915828,5.334148
12.659505,9.916214,5.334433
12.660102,9.917027,5.334549
12.661367,9.917027,5.334549
12.662169,9.917485,5.335568
12.663327,9.917577,5.335999
12.66471,9.917873,5.339497
12.665094,9.917873,5.339885
12.666071,9.919015,5.340979
12.666071,9.919015,5.341912
12.668107,9.920519,5.342444
12.668107,9.921767,5.342502
12.668195,9.923109,5.344074
12.668195,9.923554,5.345382
12.66842,9.926464,5.346559
12.670012,9.926464,5.348224
12.676234,9.926489,5.348598
12.679042,9.926489,5.348598
12.681081,9.926711,5.348615
12.681505,9.926934,5.350178
12.682535,9.928811,5.350281
12.682823,9.929013,5.352291
12.683106,9.929013,5.352379
12.690018,9.930203,5.352633
12.690018,9.930379,5.354828
12.691321,9.931934,5.354828
12.691631,9.933183,5.355246
12.691816,9.933522,5.356004
12.695796,9.934099,5.356045
12.69634,9.934591,5.356522
12.702533,9.935484,5.357804
12.704502,9.935484,5.358314
12.704703,9.935484,5.358573
12.704842,9.935484,5.360107
12.706432,9.936727,5.361279
12.710586,9.937245,5.362054
12.711151,9.93975,5.363886
12.711151,9.940379,5.364074
12.715384,9.940379,5.366346
12.717132,9.940656,5.366847
12.718349,9.94146,5.368076
12.721084,9.943925,5.368076
12.725375,9.943981,5.368784
12.729978,9.945108,5.368786
12.730985,9.945355,5.374717
12.734212,9.94551,5.376489
12.734615,9.94551,5.378259
12.734859,9.94551,5.378404
12.73621,9.945778,5.378475
12.737004,9.945778,5.380306
12.741425,9.947384,5.380971
12.746017,9.947708,5.382475
12.746334,9.947708,5.382875
12.749713,9.949606,5.382875
12.754119,9.950073,5.384615
12.75677,9.950413,5.387412
12.758786,9.951088,5.387684
12.760992,9.951534,5.388811
12.761353,9.952434,5.388811
12.762835,9.955556,5.388964
12.762835,9.955646,5.38939
12.763515,9.958159,5.390314
12.764454,9.958248,5.390793
12.765165,9.958429,5.39645
12.765165,9.958429,5.397035
12.765173,9.958429,5.398055
12.767253,9.96119,5.40205
12.771566,9.962042,5.402588
12.772594,9.963626,5.403509
12.772936,9.964774,5.404024
12.776005,9.964873,5.40428
12.777024,9.964873,5.407041
12.780568,9.966443,5.407041
12.783119,9.967062,5.407681
12.784442,9.968,5.408532
12.785007,9.969812,5.408698
12.785873,9.969812,5.40998
12.795252,9.972943,5.411579
12.796561,9.973397,5.412207
12.798687,9.976007,5.412773
12.79983,9.976007,5.413167
12.803103,9.976007,5.414141
12.804218,9.97886,5.414211
12.809192,9.978941,5.414291
12.809292,9.980627,5.416235
12.809292,9.981313,5.416444
12.814163,9.983995,5.417022
12.819424,9.984359,5.418187
12.819887,9.985766,5.418462
12.820432,9.986125,5.419476
12.820813,9.986195,5.420059
12.821229,9.986823,5.421947
12.822111,9.987494,5.422256
12.822887,9.988858,5.423927
12.82342,9.990937,5.424047
12.82401,9.991973,5.424923
12.824099,9.993344,5.425082
12.824165,9.993344,5.425947
12.82726,9.993657,5.42671
12.827449,9.993657,5.42671
12.842292,9.994616,5.427974
12.843047,9.994796,5.428371
12.848963,9.994796,5.429671
12.850028,9.9956,5.430586
12.853042,9.995673,5.43073
12.856105,9.995721,5.43073
12.857767,9.996755,5.432574
12.862429,9.998417,5.433349
12.865355,9.999198,5.435074
12.866313,9.999223,5.435154
12.866454,10.000351,5.440268
12.872666,10.000822,5.441954
12.873918,10.001665,5.442348
12.875875,10.002572,5.442436
12.881931,10.002572,5.442481
12.88357,10.003075,5.44274
12.88357,10.00448,5.443579
12.891609,10.00554,5.445059
12.892582,10.006166,5.448632
12.901563,10.009427,5.449567
12.901814,10.009437,5.451639
12.902992,10.009541,5.453184
12.903145,10.011687,5.45471
12.907572,10.012161,5.455779
12.908013,10.012161,5.45597
12.911753,10.012861,5.456184
12.915704,10.013495,5.4562
12.917345,10.015911,5.456217
12.91897,10.016912,5.456217
12.921283,10.018759,5.456631
12.921283,10.019571,5.457706
12.922749,10.020181,5.459135
12.92543,10.02037,5.460318
12.928654,10.021327,5.462525
12.929105,10.024692,5.463202
12.929414,10.025243,5.464613
12.935622,10.025243,5.46879
12.936909,10.025931,5.473094
12.938813,10.026151,5.474275
12.939176,10.02908,5.474527
12.942117,10.032377,5.475555
12.943151,10.034155,5.476037
12.945992,10.035088,5.478053
12.94856,10.03642,5.479265
12.949227,10.037006,5.479366
12.949227,10.037006,5.481934
12.954467,10.038203,5.482879
12.954507,10.038251,5.482948
12.955768,10.038613,5.483054
12.957518,10.038994,5.485307
12.959032,10.039184,5.487095
12.959327,10.041251,5.487587
12.960892,10.042429,5.488203
12.962174,10.04379,5.48847
12.962639,10.04396,5.489877
12.968421,10.046094,5.490325
12.969981,10.046278,5.49099
12.974661,10.046524,5.492994
12.97677,10.048509,5.494903
12.976876,10.048509,5.496181
12.978466,10.048509,5.497926
12.980049,10.049059,5.498466
12.982318,10.049781,5.498466
12.982353,10.051893,5.49878
12.983511,10.053685,5.5
12.98457,10.05408,5.500722
12.984595,10.05408,5.500897
12.994977,10.055359,5.501403
12.996558,10.056648,5.501786
12.998316,10.056648,5.502507
12.998523,10.058357,5.502507
12.999164,10.061391,5.503492
13.001266,10.061391,5.507631
13.003249,10.061456,5.51284
13.004125,10.062039,5.515477
13.004643,10.06278,5.51634
13.005637,10.063343,5.517195
13.01072,10.063873,5.518042
13.014661,10.063873,5.518042
13.023501,10.066421,5.519713
13.027511,10.068774,5.522289
13.027983,10.069379,5.523763
13.028908,10.069473,5.523832
13.030307,10.070845,5.527638
13.035246,10.077709,5.527638
13.043311,10.078862,5.527986
13.044866,10.07919,5.528393
13.04539,10.07919,5.53135
13.04539,10.07919,5.532791
13.045918,10.082676,5.536291
13.046944,10.08312,5.536504
13.049637,10.083473,5.536989
13.052053,10.083814,5.537652
13.057446,10.083814,5.537652
13.065144,10.086177,5.537652
13.067213,10.086177,5.539797
13.068751,10.086775,5.540998
13.071894,10.086832,5.541084
13.072796,10.087749,5.542878
13.073709,10.08995,5.544887
13.074188,10.090576,5.54537
13.084499,10.091808,5.548966
13.084577,10.091808,5.54955
13.086512,10.091963,5.550129
13.088248,10.094512,5.55296
13.091986,10.095041,5.554926
13.093628,10.095996,5.555345
13.095238,10.096266,5.555508
13.095238,10.096958,5.555623
13.095376,10.096958,5.556224
13.095551,10.097135,5.556754
13.095618,10.097135,5.557455
13.095618,10.098361,5.557803
13.096476,10.099218,5.558359
13.100423,10.099218,5.558837
13.102992,10.099422,5.559349
13.107501,10.100371,5.559349
13.107718,10.102212,5.559856
13.108829,10.102837,5.561338
13.111962,10.102837,5.561379
13.125703,10.103483,5.564669
13.128691,10.104496,5.565217
13.130353,10.104496,5.570193
13.136352,10.106087,5.573593
13.137508,10.10625,5.573746
13.14121,10.10625,5.575631
13.143312,10.10625,5.58267
13.145617,10.107875,5.583538
13.14752,10.108424,5.584588
13.15179,10.108506,5.585278
13.155115,10.110792,5.58596
13.156935,10.110792,5.587961
13.160324,10.110792,5.591764
13.162394,10.11237,5.59207
13.163264,10.112904,5.592977
13.177752,10.112904,5.592977
13.17792,10.112904,5.594164
13.179881,10.113559,5.594748
13.180082,10.115071,5.594748
13.180082,10.1165,5.594976
13.182998,10.118065,5.596645
13.191167,10.118435,5.599205
13.20011,10.120542,5.600263
13.211136,10.120542,5.600783
13.214363,10.121079,5.604529
13.224858,10.124293,5.604769
13.227586,10.12623,5.605416
13.233392,10.12623,5.606878
13.24585,10.126454,5.606878
13.247312,10.12886,5.606878
13.250992,10.129143,5.607787
13.252955,10.129199,5.607787
13.255358,10.129667,5.609771
13.26074,10.130053,5.6102
13.271676,10.131241,5.610414
13.271776,10.131241,5.610837
13.27209,10.131434,5.612699
13.272419,10.134656,5.614095
13.278289,10.134776,5.614095
13.281377,10.134943,5.614291
13.2862,10.135518,5.614291
13.28934,10.136038,5.614583
13.28934,10.138209,5.615162
13.303023,10.138932,5.615258
13.307265,10.138932,5.615258
13.31035,10.140845,5.615258
13.312782,10.143096,5.616392
13.312782,10.143096,5.617678
13.317674,10.143167,5.618659
13.323223,10.143167,5.619754
13.323944,10.143167,5.620986
13.332646,10.14546,5.624087
13.333425,10.145526,5.624203
13.340951,10.147862,5.624817
13.341122,10.148373,5.624817
13.346666,10.148777,5.625421
13.361157,10.15036,5.625866
13.368784,10.154768,5.626602
13.369251,10.1587,5.627323
13.375321,10.162274,5.627465
13.377176,10.168331,5.627607
13.379618,10.171889,5.62789
13.385056,10.173529,5.62817
13.389804,10.175622,5.62817
13.396858,10.179872,5.628604
13.397341,10.181818,5.62927
13.397839,10.18314,5.630075
13.397839,10.183357,5.630075
13.397839,10.184488,5.633368
13.400761,10.189678,5.636477
13.402959,10.191013,5.637147
13.405815,10.191379,5.637256
13.423348,10.195919,5.639648
13.437117,10.20136,5.640639
13.452239,10.208871,5.640639
13.457992,10.210492,5.640833
13.465478,10.213115,5.641407
13.47356,10.217832,5.641879
13.473983,10.218467,5.642066
13.474858,10.220344,5.642636
13.479303,10.222424,5.64387
13.479378,10.22963,5.644648
13.482152,10.232558,5.645072
13.482222,10.232818,5.646144
13.489051,10.233866,5.646944
13.496933,10.24,5.646944
13.497127,10.242623,5.648026
13.500997,10.243726,5.648026
13.502063,10.243764,5.648178
13.511975,10.245322,5.648403
13.515535,10.246233,5.64881
13.515535,10.246885,5.648995
13.515933,10.246885,5.649214
13.517789,10.24739,5.649431
13.519182,10.247777,5.649503
13.523543,10.251135,5.650072
13.525817,10.25209,5.650072
13.537017,10.253074,5.651175
13.548659,10.253742,5.651775
13.551758,10.254124,5.652135
13.551758,10.254349,5.652746
13.552923,10.255589,5.652746
13.560096,10.255966,5.653187
13.560955,10.257035,5.653435
13.565767,10.257974,5.654166
13.569385,10.257974,5.655396
13.575531,10.25862,5.655904
13.575925,10.260966,5.655904
13.589397,10.262689,5.65596
13.602524,10.268046,5.656016
13.610083,10.271803,5.656127
13.616153,10.272781,5.656292
13.616571,10.272837,5.656347
13.635007,10.272931,5.65662
13.635911,10.274112,5.656728
13.644194,10.274265,5.65705
13.64749,10.275842,5.657103
13.649343,10.275967,5.657577
13.652437,10.276692,5.657732
13.653741,10.280484,5.657989
13.658777,10.281206,5.658142
13.667984,10.281354,5.658344
13.670021,10.281354,5.658694
13.671829,10.283319,5.658743
13.680818,10.283807,5.658743
13.687543,10.284322,5.659135
13.705735,10.285282,5.659281
13.71082,10.287296,5.659425
13.719021,10.289182,5.660087
13.720513,10.289714,5.660774
13.722953,10.293059,5.661396
13.722953,10.296774,5.661396
13.725386,10.296952,5.661743
13.727909,10.296952,5.662296
13.729808,10.30096,5.662463
13.738191,10.306595,5.663158
13.747374,10.311221,5.663319
13.75273,10.315497,5.664024
13.757199,10.318611,5.664292
13.794379,10.320342,5.66433
13.799869,10.32121,5.664368
13.801405,10.325564,5.664631
13.805413,10.330833,5.664706
13.814475,10.334155,5.664854
13.825649,10.342877,5.665001
13.832814,10.353475,5.665685
13.853557,10.357522,5.665931
13.857113,10.358294,5.666
13.857154,10.359638,5.666139
13.857909,10.367403,5.666139
13.858781,10.36759,5.666605
13.880057,10.368317,5.667048
13.881542,10.371054,5.667139
13.893641,10.373787,5.667471
13.908752,10.373983,5.668801
13.909545,10.374272,5.669214
13.911404,10.378871,5.67001
13.912772,10.381184,5.670176
13.913065,10.382821,5.670312
13.913065,10.385669,5.670876
13.913065,10.391004,5.671007
13.927719,10.39737,5.671059
13.936651,10.39781,5.672457
13.93754,10.398438,5.672647
13.950158,10.399152,5.672997
13.952295,10.40193,5.673518
13.959096,10.403131,5.673673
13.967886,10.410038,5.673739
13.992665,10.417975,5.674489
13.994761,10.418832,5.676069
14.013773,10.424333,5.677369
14.016097,10.425894,5.67762
14.021449,10.426193,5.677949
14.033998,10.428717,5.678079
14.034975,10.429823,5.678111
14.039853,10.430856,5.678458
14.048725,10.446784,5.679302
14.055243,10.448013,5.679358
14.079642,10.449424,5.679447
14.095808,10.452957,5.680132
14.108586,10.468369,5.680321
14.116909,10.469929,5.681598
14.123457,10.47482,5.682089
14.148109,10.477801,5.682327
14.153276,10.479894,5.683216
14.15379,10.485106,5.684523
14.160795,10.501482,5.687465
14.204483,10.503639,5.688781
14.217538,10.504775,5.689806
14.24133,10.511002,5.68982
14.285576,10.522924,5.689838
14.336695,10.527284,5.689895
14.337255,10.529915,5.690029
14.347941,10.540131,5.694414
14.375241,10.555947,5.694654
14.379992,10.559595,5.694812
14.383939,10.570786,5.704377
14.423225,10.573505,5.709537
14.449121,10.574502,5.71003
14.467878,10.586035,5.712018
14.523735,10.586617,5.714353
14.535773,10.600302,5.719968
14.537471,10.614988,5.727949
14.545345,10.616095,5.742022
14.557368,10.616142,5.749007
14.573114,10.622503,5.784038
14.573359,10.630733,5.794456
14.575762,10.631799,5.799472
14.605397,10.635193,5.893455
14.626153,10.638158,5.90991
14.654854,10.651706,5.937494
14.668262,10.657671,5.957518
14.699924,10.710526,5.966102
14.731077,10.749394,5.968484
14.731444,10.749394,5.981688
14.78649,10.762416,5.993257
14.795547,10.776583,6.009756
14.801022,10.803768,6.016641
14.846374,10.807017,6.097817
14.880389,10.819997,6.158003
14.88159,10.823342,6.173147
14.899043,10.945314,6.288374
14.912761,10.966666,6.354722
15.083955,11.07804,6.44586
15.171968,11.216222,6.611743
15.286209,11.238923,6.962146
15.293043,11.253736,7.102726
15.343472,11.419744,9.047176
15.568572,11.483053,9.047176
15.704963,11.483273,9.213293
15.735538,11.50011,9.563532
15.940951,12.109104,9.810598
16.152563,12.399067,9.834791
