ACL v0.4 @ 0.01.cm,UE 4.15 @ 0.1cm,UE 4.15 @ 0.01cm
1.088339,0.905882,0.698413
1.088339,0.905882,0.698413
1.624258,1.69697,1.20078
1.624258,1.69697,1.20078
1.624258,1.711111,1.20078
2.676806,2.954437,1.983897
3.157355,3.40708,2.248175
3.157355,3.40708,2.248175
3.85,3.906977,2.507463
5.112033,5.292096,3.266172
5.112033,5.292096,3.266172
6.409989,6.251691,3.640662
6.409989,6.251691,3.640662
6.166166,6.821705,3.956326
6.166166,6.821705,3.956326
6.776678,6.821705,3.956326
8.98942,8.31309,4.959743
8.98942,8.31309,4.959743
6.830645,7.036345,4.026144
6.830645,7.036345,4.026144
5.97176,7.076923,4.078296
5.97176,7.076923,4.078296
7.799614,7.076923,4.078296
7.799614,7.076923,4.078296
9.047255,7.544196,4.311625
7.517925,7.225806,4.127303
7.409669,7.626667,4.177361
7.459711,7.626667,4.177361
7.703704,7.626667,4.177361
7.776645,7.670498,4.177361
8.044199,7.670498,4.183908
8.144419,7.670498,4.183908
8.569288,8.024048,4.539682
8.258193,7.418376,4.219178
8.299401,7.692877,4.219178
6.602105,7.545057,4.541337
6.602105,7.545057,4.541337
7.242494,7.545057,4.258765
7.405754,7.790424,4.258765
7.473137,7.832879,4.258765
7.886603,7.832879,4.258765
7.92465,7.832879,4.258765
8.02046,7.832879,4.258765
8.221163,7.832879,4.258765
8.221163,7.832879,4.265084
8.432168,8.143532,4.624129
8.770913,8.143532,4.624129
7.193074,7.563082,4.259418
8.09608,7.563082,4.259418
8.237952,7.814523,4.259418
8.237952,7.814523,4.259418
8.322385,7.848858,4.267559
8.561707,7.848858,4.267559
6.502463,7.146172,4.295676
7.346452,7.403846,4.295676
7.36255,7.883959,4.295676
7.855473,7.931331,4.301676
9.094488,7.979275,4.307693
7.096247,7.656776,4.330159
7.675241,7.656776,4.330159
8.172908,7.693795,4.330159
8.172908,7.693795,4.330159
8.192192,7.693795,4.330159
8.192192,7.989958,4.336058
8.578616,7.989958,4.336058
9.925156,8.353456,4.724394
7.168,7.76063,4.362992
7.894273,7.803642,4.362992
8.562988,8.111934,4.362992
8.687528,8.111934,4.368794
8.226629,8.079492,4.36036
8.233293,8.079492,4.36036
8.314111,8.079492,4.36036
8.406948,8.118211,4.36036
8.491228,8.118211,4.36036
8.526846,8.118211,4.36036
8.784788,8.118211,4.367856
9.337621,8.118211,4.367856
9.525773,8.118211,4.367856
7.432221,7.577424,4.390776
7.432221,8.155764,4.390776
7.948387,8.155764,4.390776
8.043011,8.18125,4.390776
8.063138,8.18125,4.390776
8.083365,8.18125,4.396306
8.116257,8.232704,4.396306
8.224622,8.232704,4.396306
8.482786,8.232704,4.396306
8.833404,8.232704,4.444822
8.833404,8.232704,4.444822
7.435765,7.84,4.419844
7.435765,7.920647,4.419844
7.907574,7.920647,4.419844
7.907574,7.920647,4.419844
8.01636,7.920647,4.419844
8.017851,8.154311,4.419844
8.046277,8.191489,4.419844
8.046277,8.191489,4.425287
8.163574,8.191489,4.425287
8.346884,8.191489,4.425287
8.346884,8.191489,4.425287
8.382582,8.191489,4.425287
8.960931,8.235294,4.425287
9.156934,8.235294,4.430744
9.896718,8.235294,4.436214
9.990732,8.515008,4.806063
11.142118,8.764228,4.979215
7.032187,8.017354,4.447653
7.032187,8.017354,4.447653
7.318812,8.017354,4.447653
7.318812,8.243866,4.447653
7.68,8.256143,4.447653
7.68,8.256143,4.453012
8.166451,8.293194,4.458384
8.504698,8.31808,4.463768
8.947348,8.343115,4.463768
10.004963,8.343115,4.494528
11.8272,8.716981,4.936777
8.380953,8.216294,4.442885
8.401032,8.257971,4.442885
8.788124,8.294032,4.449824
8.863309,8.300073,4.449824
9.13507,8.300073,4.456785
9.171831,8.342607,4.463768
9.251878,8.342607,4.477799
7.424041,8.336183,4.468881
8.275764,8.444445,4.479143
7.779793,8.110736,4.493827
8.453202,8.39413,4.498877
11.241928,8.897778,4.947282
7.20152,7.882277,4.517785
8.218813,8.121292,4.517785
8.503882,8.148149,4.517785
8.503882,8.148149,4.517785
8.754663,8.196939,4.517785
8.754663,8.196939,4.522761
9.557796,8.537768,4.522761
10.387858,8.537768,4.571429
10.620689,9.440613,5.231422
10.620689,9.440613,5.231422
7.916001,7.882647,4.511611
9.224252,8.486559,4.511611
9.350611,8.486559,4.518068
9.732563,8.532433,4.518068
8.889194,8.255265,4.534174
8.922917,8.276392,4.534174
9.057238,8.532982,4.534174
9.074711,8.532982,4.55493
9.133981,8.566888,4.566184
9.450959,8.624,4.587234
9.587548,8.624,4.907435
11.422517,9.103448,5.102959
8.171526,8.145142,4.5559
8.272329,8.180358,4.5559
8.313873,8.180358,4.5559
8.551413,8.272329,4.560606
8.705998,8.272329,4.560606
8.705998,8.522523,4.565322
9.229268,8.533505,4.565322
9.313643,8.533505,4.565322
9.328403,8.566624,4.57953
9.353107,8.566624,4.601807
9.628499,8.588845,4.601807
9.628499,8.616786,4.627533
5.893455,8.314111,4.904814
8.319214,8.615385,4.576832
9.563868,8.615385,4.576832
9.638691,8.703918,4.595456
9.638691,8.703918,4.595456
8.833652,8.299401,4.575768
9.910619,8.646288,4.575768
7.932811,8.036302,4.589569
7.932811,8.086758,4.589569
7.951733,8.086758,4.589569
7.983096,8.363636,4.589569
8.126183,8.363636,4.594034
8.228837,8.418301,4.594034
8.292654,8.418301,4.594034
8.292654,8.644296,4.598507
8.767326,8.660147,4.598507
8.910692,8.660147,4.6
8.910692,8.660147,4.6
8.933166,8.681373,4.604485
8.996984,8.713408,4.604485
8.996984,8.713408,4.604485
9.1495,8.734895,4.624021
9.424912,8.734895,4.624021
9.424912,8.740284,4.624021
9.801453,8.740284,4.633093
9.801453,8.772756,4.657462
9.801453,8.772756,4.657462
8.099594,8.560615,4.61313
8.537894,8.565681,4.61313
8.845707,8.637232,4.630838
9.24541,8.642388,4.630838
10.024931,8.694294,4.63232
10.024931,8.715232,4.636771
10.30687,8.715232,4.641231
11.463868,8.941321,4.938929
7.048391,8.428735,4.62723
8.451622,8.530871,4.62723
8.824951,8.711844,4.631579
9.147099,8.789536,4.631579
9.463274,8.8,4.635936
9.463274,8.815742,4.654912
9.55965,8.847397,4.678481
9.844515,8.847397,4.747591
9.083359,8.379789,4.630868
9.403115,8.683544,4.630868
9.883431,8.688543,4.636559
9.925682,8.738853,4.640836
8.774929,8.442983,4.64135
8.792463,8.447614,4.645551
8.830276,8.75,4.645551
8.845491,8.76494,4.659606
9.042866,8.789954,4.665253
9.188544,8.789954,4.673748
9.322034,8.8,4.675167
9.47984,8.830276,4.682274
9.749921,8.830276,4.697987
9.96119,8.845491,4.697987
9.96119,8.850574,4.72103
13.402959,9.310761,5.225653
9.129904,8.697675,4.654222
9.204805,8.790151,4.662511
9.475493,8.849578,4.683363
10.106483,8.899716,4.762887
10.171928,9.250883,5.055681
10.171928,9.250883,5.055681
13.14752,9.272727,5.264075
9.092251,8.596887,4.67075
9.418406,8.596887,4.67075
9.418406,8.615385,4.678936
9.507866,8.838852,4.683041
9.622108,8.922563,4.683041
9.827274,8.927536,4.705053
9.827274,8.927536,4.866606
8.598367,8.392802,4.672009
9.571386,8.876563,4.689457
10.330011,8.876563,4.689457
10.330011,8.91048,4.709752
9.030541,8.90364,4.68639
9.480975,8.975715,4.691679
9.527138,8.985414,4.76016
9.784968,9.019523,4.8125
10.970976,9.460751,5.213793
8.3644,7.675578,4.693821
8.601168,8.534005,4.697726
8.632947,8.642858,4.701638
8.703918,8.832117,4.718663
8.944034,8.86911,4.734488
9.222812,8.958223,4.792079
9.222812,8.977213,4.805674
9.592299,9.266958,4.928717
9.919485,9.266958,4.928717
8.685887,8.641283,4.712568
8.685887,8.641283,4.712568
8.956511,8.96,4.716434
9.249497,8.983334,4.724185
10.689805,9.482133,5.23301
8.761572,8.957143,4.705441
8.768136,9.012321,4.709228
9.742508,9.016949,4.710491
10.52518,9.040165,4.788871
8.575063,8.301115,4.734694
8.925306,8.940941,4.751064
9.15633,8.994965,4.762464
9.438119,9.104995,4.772642
9.251369,8.951724,4.732292
9.430202,9.004955,4.739697
10.204689,9.058824,4.747127
10.204689,9.108772,4.862724
10.574338,9.182415,5.208369
11.163877,9.838657,5.413167
8.702614,8.721095,4.749422
9.032258,8.737589,4.749422
9.032258,9.014634,4.749422
9.212363,9.014634,4.749422
9.403384,9.054385,4.753087
9.42016,9.054385,4.753087
9.681729,9.063267,4.756757
9.681729,9.063267,4.764114
9.914163,9.067714,4.764114
10.360196,9.121422,4.781371
10.514936,9.121422,4.781371
10.514936,9.125926,4.8125
10.587224,9.125926,4.817518
10.747311,9.249249,4.838963
8.680065,8.618349,4.733686
8.680065,8.618349,4.743247
8.965879,8.654077,4.748042
9.144804,8.698148,4.748042
9.1526,8.702177,4.761277
9.1526,8.730483,4.7649
9.278025,8.730483,4.77095
9.555244,9.054458,4.797753
9.683289,9.085107,4.802659
9.718349,9.102714,4.811267
9.862467,9.124818,4.811267
10.184578,9.164878,4.818671
10.411748,9.26887,4.904202
11.143535,9.29179,4.92219
11.143535,9.488889,5.006128
11.273928,9.488889,5.006128
8.768683,9.003301,4.758535
10.061117,9.106342,4.76685
10.686066,9.123746,4.772807
11.017453,9.324219,4.981998
7.354178,8.635514,5.12114
8.792026,8.674117,5.12114
8.977099,8.674117,4.769911
9.263158,8.697445,4.769911
9.263158,8.697445,4.797033
9.756883,9.092784,4.797033
9.756883,9.097047,4.8125
9.756883,9.109859,4.8125
10.760571,9.109859,4.831673
10.760571,9.15283,4.831673
11.156533,9.479238,5.043931
11.156533,9.479238,5.043931
8.75797,8.706714,4.792609
8.75797,8.706714,4.826641
8.823635,9.16411,4.826641
9.898067,9.206913,4.885254
10.489291,9.29373,4.890102
8.903713,8.566538,4.809032
9.412318,8.757655,4.842767
9.98006,9.170866,4.842767
10.332903,9.268518,4.846284
10.760549,9.268518,4.878168
10.760549,9.268518,4.899657
11.317128,9.430052,4.923758
11.317128,9.430052,4.923758
11.525619,9.438944,4.931035
11.525619,9.438944,4.931035
11.605797,9.79452,5.360107
12.222222,9.876665,5.384615
13.346666,9.945355,5.536504
9.663894,8.792388,4.775194
9.925781,8.904074,4.786438
9.925781,9.107527,4.796602
10.355578,9.156756,4.796602
10.360856,9.202354,4.811361
10.557258,9.202354,4.925612
11.514019,9.863173,5.342444
9.498734,8.807511,5.152559
9.902111,8.890995,4.786824
9.990801,8.890995,4.786824
10.14054,8.898664,4.808015
10.14054,9.126935,4.827135
10.416961,9.16341,4.945123
10.626159,9.18789,4.945123
10.626159,9.18789,5.047945
8.367558,8.825958,4.808081
9.043178,8.840861,4.840305
9.542772,8.889644,4.851517
9.542772,8.897196,4.884328
9.921364,8.897196,4.884328
9.921364,9.283688,4.910668
10.214094,9.283688,4.910668
11.390347,9.468354,4.925682
8.74928,8.470307,6.44586
8.896704,8.576271,4.804883
9.525773,9.144578,4.819047
9.6,9.211964,4.837697
9.632634,9.219956,4.837697
9.848007,9.248042,4.852055
10.043478,9.260131,4.873194
10.368093,9.300656,4.881029
12.003388,12.399067,4.896774
9.293103,8.448276,5.173986
9.477964,8.931234,4.807135
9.555678,9.178373,4.822187
10.351699,9.273118,4.886672
10.351699,9.273118,4.924623
10.400386,9.349523,4.924623
10.793492,9.464442,4.995366
11.91654,9.921767,5.403509
9.023314,8.743703,4.817801
9.066335,8.743703,4.828439
9.182448,9.192098,4.831639
9.568147,9.195963,4.831639
9.615478,9.238699,4.831639
9.621823,9.27003,4.870378
10.560425,9.273961,4.908642
10.560425,9.321398,4.930778
13.93754,9.771224,5.332358
8.813991,9.103448,4.845095
9.122172,9.255425,4.848273
9.503322,9.267029,4.852516
9.830876,9.309824,4.862092
10.134126,9.317647,4.875989
10.151522,9.353016,4.879208
10.151522,9.356962,4.879208
10.779439,9.384681,4.893204
10.808334,9.384681,4.90728
10.832092,9.440613,4.947791
10.832092,9.869159,5.328207
9.547346,8.925764,4.841516
9.875481,8.925764,4.869829
10.176058,8.982821,4.885702
10.223485,8.982821,4.893145
10.223485,9.000801,4.893145
10.25964,9.000801,4.914536
10.394822,9.226098,4.914536
10.394822,9.241266,4.964451
10.522523,9.325591,4.964451
10.522523,9.403597,4.995334
11.764029,9.498944,4.995334
11.764029,9.543294,5.007572
12.142028,9.543294,5.195009
12.299781,9.926711,5.319139
8.939792,8.889235,5.200091
9.254695,8.917058,4.833934
9.585532,8.969697,4.844208
9.611808,9.069638,4.851426
9.705952,9.197741,4.901505
10.000877,9.272579,4.901505
10.145559,9.287694,4.901505
10.196622,9.344813,4.918429
10.268979,9.344813,4.918429
10.268979,9.360165,4.918429
10.358823,9.391018,4.929066
10.358823,9.391018,4.93547
11.224821,9.504587,5.079563
11.224821,9.504587,5.079563
9.542498,8.489526,5.206221
9.67742,8.901734,4.859066
9.735538,9.273384,4.865206
9.735538,9.325797,4.882689
9.824561,9.386428,4.882689
9.892934,9.386428,4.906542
9.96119,9.432422,4.923274
11.154032,9.447853,4.943291
8.79752,8.518195,4.849389
9.54552,8.961715,4.852405
9.54552,9.013477,4.858448
9.73913,9.097551,4.862484
10.019476,9.097551,4.874636
10.180711,9.252174,4.874636
10.397779,9.344511,4.898096
11.016826,9.423511,4.925926
11.173269,9.438709,4.968796
11.282323,9.442517,4.968796
11.477323,4.874636,4.968796
7.909947,8.93258,5.218042
9.668161,9.156756,5.218042
9.833524,9.192248,4.854862
9.885786,9.24961,4.85884
10.117747,9.296746,4.87482
10.662471,9.355424,4.876825
10.754336,9.543662,4.985495
11.567369,10.479894,7.102726
8.353269,8.874769,5.223744
9.90272,8.897778,4.899857
9.999584,9.120728,4.912883
9.999584,9.120728,4.915899
10.296368,9.282844,4.924969
10.710655,9.326087,4.941176
11.111934,9.510689,4.941176
11.111934,9.521997,4.957491
11.44,9.563694,4.971854
11.580622,9.563694,4.971854
11.723313,9.648192,5.077996
11.857848,9.993344,5.152048
9.246437,8.880292,4.859597
9.352167,8.880292,4.8664
9.400039,9.311902,4.890854
9.438324,9.365665,4.906634
10.123569,9.376493,4.923513
10.4362,9.405489,4.933496
11.022424,9.420054,4.969771
11.176848,9.438324,5.001439
11.176848,9.508402,5.001439
7.931118,8.627451,5.234757
9.31481,8.731396,4.868603
9.319213,9.058824,4.868603
9.326268,9.058824,4.874382
10.022371,9.256198,4.874382
10.02543,9.273617,4.889859
10.02543,9.308651,4.892772
10.208182,9.340409,4.906412
10.421909,9.368821,4.912281
10.432941,9.408171,4.930959
10.593293,9.415361,4.976772
10.743405,9.469639,4.97979
10.835532,9.54299,4.986845
10.924407,9.565217,4.986845
10.924407,9.565217,5.131196
11.611687,10.077709,5.424923
7.790164,8.505966,4.86221
9.711172,8.659493,4.872656
9.825915,8.806212,4.880282
9.825915,9.016263,4.880282
10.222495,9.016263,4.89945
10.638806,9.105109,4.901375
10.654709,9.105109,4.906195
10.7211,9.361351,4.991597
10.7211,9.393072,4.994595
10.832827,9.467932,4.994595
11.034056,9.580646,5.005618
11.034056,9.580646,5.005618
9.597568,8.899225,4.876617
9.757002,8.899225,4.882273
9.890738,9.078361,4.885107
9.912087,9.298969,4.888889
9.964885,9.395833,4.903126
9.964885,9.420365,4.918403
9.970786,9.437967,4.944401
10.124674,9.44856,4.957016
10.275021,9.455634,4.957016
10.477494,9.459176,5.017084
10.848797,9.566667,5.017084
10.848797,9.566667,5.030074
11.500911,9.658126,5.056256
12.215719,9.912087,5.270451
13.271676,9.998417,5.412773
8.884101,8.966679,5.25036
9.296,9.08135,5.25036
9.729401,9.336742,5.25036
10.203153,9.381285,4.892632
10.276985,9.405445,4.904835
10.417278,9.415838,4.910488
10.618484,9.415838,4.911431
10.827616,9.415838,4.917099
10.892202,9.492759,4.952344
10.892202,9.570948,5.000782
11.097895,9.716457,5.063181
7.800995,9.22353,5.255332
8.919842,9.350199,4.91023
9.582222,9.43889,4.912094
10.215992,9.456141,4.915827
10.510664,9.501286,4.924248
10.856903,9.539823,4.97156
11.070603,9.553914,4.983051
11.280576,9.57513,5.039346
11.69356,9.744633,5.104972
11.69356,9.744633,5.104972
9.792407,8.968825,4.876141
9.836558,8.999657,4.893458
10.086688,9.008947,4.899869
10.286837,9.090278,4.909057
10.358062,9.407115,4.919203
10.627156,9.444445,4.934967
10.752644,9.47178,4.952705
10.799216,9.475208,5.001911
10.851813,9.635628,5.052104
10.894715,9.725111,5.059915
10.894715,9.725111,5.059915
11.083827,9.958159,5.334148
9.327581,8.384932,4.900648
9.785002,9.00646,4.907912
9.788618,9.031026,4.91611
9.867014,9.04336,4.925251
9.940145,9.353107,4.925251
10.387451,9.39624,4.928917
10.418093,9.446505,4.933507
10.544586,9.480315,4.960299
10.794906,9.565908,4.960299
10.801509,9.569365,4.970539
11.042418,9.688369,5.069474
11.470391,9.817643,5.096786
11.470391,9.817643,5.096786
13.323944,10.102212,5.460318
9.552941,9.019185,4.899616
9.940091,9.129812,4.908591
9.954862,9.323591,4.914894
9.957637,9.375788,4.92302
10.192469,9.402105,4.932082
10.233339,9.41863,4.932082
10.431533,9.465207,4.938445
10.819016,9.57,4.974197
10.997743,9.625,4.979743
9.538624,9.031656,4.902152
10.11249,9.349431,4.941477
10.278347,9.359116,4.941477
10.355908,9.359116,4.954122
10.355908,9.381793,4.971386
10.564802,9.434041,4.979607
10.644673,9.486875,5.009982
10.680327,9.490196,5.015544
10.680327,9.49352,5.02298
10.82212,9.526889,5.02298
10.82212,9.577385,5.061438
11.083214,9.590941,5.061438
11.152762,9.590941,5.061438
11.447154,9.662745,5.171532
11.505466,9.662745,5.171532
12.91897,9.75666,5.350178
9.459753,9.355632,4.930216
9.904968,9.355632,4.936431
10.089997,9.355632,4.93732
10.124469,9.41023,4.94088
10.142262,9.423169,4.94088
10.142262,9.498267,4.983094
10.469588,9.577917,4.993988
10.48962,9.577917,5.01592
10.48962,9.591323,5.060366
10.874541,9.611501,5.060366
11.187429,9.696498,5.116088
11.818065,9.696498,5.142
11.818065,9.696498,5.142
10.295264,8.898876,4.896661
10.295264,9.121422,4.896661
10.321139,9.32078,4.928
10.321139,9.32078,4.990997
10.452489,9.499658,4.994595
10.476191,9.631689,5.011752
10.596331,9.638387,5.011752
10.596331,9.665272,5.023559
10.629853,9.665272,5.023559
10.954357,9.672017,5.045504
10.954357,9.672017,5.102153
11.271729,9.68892,5.102153
12.048245,9.68892,5.153374
8.756014,9.189508,5.287304
10.117498,9.283869,4.9293
10.143128,9.283869,4.944954
10.572614,9.383327,4.968623
10.724316,9.546322,5.006788
11.481004,9.549574,5.052821
11.481004,9.559345,5.052821
11.751782,9.641555,5.127698
11.751782,9.641555,5.127698
9.697468,9.423346,4.932289
9.697468,9.638095,5.001059
10.410949,9.67099,5.015221
10.75064,9.7643,5.065427
11.024609,9.7643,5.065427
12.121057,9.774405,5.144517
12.121057,9.774405,5.144517
9.381478,8.711679,5.295619
9.850916,9.154363,5.295619
10.629558,9.20437,4.929272
10.736132,9.484768,4.949715
10.736132,9.538462,4.949715
10.771458,9.538462,4.96
10.816199,9.573529,4.960859
10.87678,9.70654,5.034095
11.221939,9.816313,5.12782
11.67832,9.816313,5.12782
11.67832,9.90799,5.12782
10.222261,9.110132,4.916285
10.322489,9.136005,4.938087
10.328934,9.26464,4.957534
10.328934,9.366548,5.002073
10.453873,9.492459,5.002073
10.453873,9.599469,5.022029
10.481311,9.599469,5.022029
10.481311,9.61541,5.022901
10.649991,9.61541,5.036882
10.808026,9.666778,5.036882
10.808026,9.666778,5.044781
11.28953,9.679706,5.085544
11.28953,9.679706,5.085544
11.413029,9.721961,5.114291
11.610989,9.721961,5.117907
11.627309,9.731765,5.117907
11.819555,9.731765,5.132423
11.893601,9.735037,5.132423
11.893601,9.894737,5.154353
9.685534,9.044823,4.930907
10.121941,9.072868,4.947582
10.259467,9.135186,4.950093
10.323719,9.135186,4.971962
10.846075,9.457013,5.062284
10.93423,9.496917,5.078098
10.93423,9.634508,5.078098
11.123361,9.691951,5.086926
12.447091,9.727393,5.086926
12.447091,9.727393,5.086926
9.348087,9.120296,5.307485
10.399367,9.168372,4.948619
10.594052,9.61561,4.983651
10.610209,9.621868,5.016627
10.610209,9.774546,5.182822
10.837716,9.774546,5.182822
11.243654,9.823256,5.248137
12.596869,9.955556,5.278115
9.406801,9.03417,4.959496
10.108611,9.206779,4.973531
10.691,9.496504,4.990979
10.850191,9.56032,4.993482
10.97777,9.56032,4.996822
10.97777,9.706303,4.996822
11.170686,9.706303,5.027091
11.170686,9.715773,5.027091
11.468714,9.725261,5.154589
10.747374,9.177258,5.31502
11.080764,9.253219,4.975111
11.160658,9.803183,5.080626
11.160658,9.803183,5.080626
11.323955,9.825521,5.109005
11.323955,9.825521,5.109005
8.928843,8.981443,5.318681
8.928843,8.981443,5.318681
9.579642,9.307693,4.931587
10.244246,9.307693,4.970171
10.620689,9.510917,5.005253
10.620689,9.634123,5.005253
10.831971,9.655478,5.071856
10.831971,9.655478,5.088785
10.849315,9.732525,5.088785
10.849315,9.75744,5.097292
11.130498,9.75744,5.097292
11.26413,9.763689,5.09985
11.26413,9.763689,5.09985
10.080183,8.984831,4.984625
10.210509,9.319213,4.991087
10.23766,9.319213,5
10.28896,9.55928,5.01547
10.454854,9.589041,5.090909
10.744811,9.615985,5.090909
11.099099,9.63102,5.093435
11.119134,9.945108,5.141045
11.119134,9.951534,5.28937
12.229502,9.996755,5.315844
9.452446,9.040395,4.962195
9.452446,9.176401,5.012568
10.417951,9.322145,5.014184
10.615253,9.322145,5.028775
10.615253,9.344548,5.063151
10.854152,9.344548,5.063975
11.023388,9.577586,5.063975
11.023388,9.586441,5.092993
11.181884,9.595311,5.092993
11.185905,9.595311,5.092993
11.248599,9.616075,5.13164
11.248599,9.645891,5.13164
11.349143,9.645891,5.141818
11.367805,9.687947,5.141818
11.52575,9.709114,5.188126
11.52575,9.724289,5.188126
12.264144,9.724289,5.368076
12.264144,9.77317,5.368076
12.337101,9.77317,5.64881
9.836712,9.34166,4.947402
9.836712,9.34166,4.947402
10.563551,9.566382,4.959899
10.747862,9.648648,4.959899
10.747862,9.648648,4.982712
10.815389,9.669436,5.109954
10.815389,9.669436,5.109954
11.38364,9.696297,5.120782
11.38364,9.696297,5.120782
11.402232,9.750465,5.129143
11.402232,9.750465,5.129143
11.614048,9.808305,5.134172
11.614048,9.808305,5.134172
11.735525,9.848276,5.182448
11.735525,9.848276,5.182448
11.820525,9.866835,5.205634
11.820525,9.866835,5.205634
9.263158,8.36824,4.943743
10.289977,8.553248,4.973193
10.482941,9.200696,4.984132
10.680582,9.200696,4.984132
10.754809,9.558301,4.996692
10.754809,9.587187,5.001419
11.149811,9.654291,5.022799
11.365518,9.737262,5.037955
11.365518,9.907557,5.251449
12.013254,9.907557,5.251449
13.537017,10.210492,5.402588
9.604797,9.066516,5.335999
9.619219,9.144162,4.954679
10.345418,9.228464,4.976231
10.414371,9.233785,4.979325
10.541177,9.276571,4.9801
10.541177,9.366082,4.981648
10.601357,9.366082,4.989408
10.643628,9.482534,4.997192
10.651592,9.610561,5.014402
10.651592,9.630788,5.042821
10.786093,9.671497,5.068355
10.836266,9.69785,5.098201
10.987737,9.810719,5.098201
11.044565,9.917027,5.163953
11.795986,9.917027,5.163953
13.616153,10.233866,5.45597
9.377991,8.879736,4.94571
10.336396,9.622136,4.977682
10.336396,9.665272,5.010846
10.416298,9.665272,5.036599
10.755799,9.773345,5.092913
10.755799,9.785174,5.092913
10.78989,9.785174,5.104972
10.863285,9.835767,5.111427
10.901736,9.868782,5.111427
10.901736,9.868782,5.135779
11.096243,9.877826,5.135779
11.578947,9.877826,5.15625
11.578947,9.914163,5.15625
11.793236,9.914163,5.181032
11.793236,9.914163,5.181032
12.057042,9.914163,5.21697
12.057042,9.947708,5.21697
12.076177,9.947708,5.364074
10.828524,9.068889,5.015054
10.828524,9.068889,5.018137
10.998147,9.225204,5.023542
11.026936,9.397812,5.071928
11.199039,9.397812,5.071928
11.199039,9.521143,5.138181
11.20096,9.521143,5.138181
11.220208,9.642056,5.152778
11.220208,9.72535,5.152778
11.348918,9.863444,5.17237
12.06727,9.863444,5.17237
12.06727,10.218467,5.305167
10.612994,8.861522,5.006228
10.718269,9.519353,5.01537
10.971619,9.519353,5.040685
11.409382,9.608163,5.109457
11.409382,9.675866,5.109457
11.981821,9.74453,5.15582
11.981821,9.74453,5.15582
9.175011,8.825684,4.981878
9.266383,9.100958,4.981878
10.803508,9.100958,5.040764
10.803508,9.138461,5.086238
10.804385,9.317647,5.118326
10.804385,9.772033,5.130958
10.938507,9.780653,5.157209
11.342256,9.789288,5.157209
12.251934,9.84142,5.23348
12.332561,9.84142,5.23348
12.544168,10.311221,5.488203
10.383361,8.986081,4.983967
10.476518,9.192771,4.995833
10.547282,9.223077,5.003279
10.588866,9.240848,5.003279
10.874403,9.253583,5.005517
10.979315,9.258687,5.010746
10.979315,9.680508,5.031775
11.149784,9.71131,5.072065
11.242193,9.787755,5.156197
11.68433,9.813505,5.169695
11.938833,9.868313,5.169695
11.938833,9.868313,5.227655
12.039448,9.917873,5.227655
12.116575,9.917873,5.378404
12.665094,10.254124,5.4562
9.227836,8.76358,5.354828
10.134609,9.22658,5.354828
10.134609,9.264424,4.971386
10.375134,9.264424,4.971386
10.737659,9.289827,4.978692
10.862456,9.685534,5.020003
10.862456,9.718876,5.029691
11.125524,9.718876,5.051439
11.8162,9.724455,5.289618
10.731539,8.85929,4.988036
11.118953,9.217579,4.988036
11.150685,9.217579,5.007763
11.150685,9.622291,5.009965
11.810347,9.729084,5.131792
11.810347,9.729084,5.131792
10.341303,9.505649,4.984251
10.36305,9.587548,5.008857
10.36305,9.64114,5.019791
10.460465,9.64114,5.021252
10.90524,9.64114,5.050659
11.507298,9.651931,5.067724
11.810665,9.791655,5.067724
13.023501,9.844748,5.344074
13.155115,9.844748,5.416235
13.551758,9.967062,5.43073
13.551758,10.275842,5.43073
10.516392,8.623389,4.979825
10.516392,9.156538,4.979825
10.623932,9.156538,5.012097
10.623932,9.286019,5.015708
10.718818,9.411573,5.103226
10.87795,9.411573,5.150044
10.87795,9.462751,5.150044
10.884754,9.462751,5.200837
11.176621,9.643668,5.200837
11.189198,9.831638,5.291774
10.454667,9.230284,5.366346
10.454667,9.56991,4.976896
10.677209,9.56991,4.976896
10.677209,9.702127,5.032536
11.463271,9.818792,5.199467
11.527248,9.818792,5.199467
9.992947,8.835121,4.988732
10.510386,9.294148,5.041993
10.831804,9.407702,5.058555
10.994878,9.653856,5.433349
10.925994,9.299323,4.987158
10.925994,9.335773,4.987158
11.044204,9.335773,5.011642
11.044204,9.421941,5.011642
11.063013,9.421941,5.018682
11.063013,9.729848,5.032822
11.121556,9.729848,5.050608
11.131952,9.732498,5.152582
11.471504,9.753754,5.152582
11.512164,9.753754,5.159278
11.512164,9.842424,5.159278
12.139994,10.061391,5.216528
12.139994,10.061391,5.216528
12.275554,10.373983,5.507631
10.701114,9.352713,5.008478
11.180887,9.543432,5.030853
11.53152,9.760564,5.080502
11.564827,9.789731,5.238552
11.645177,10.046278,5.332347
12.211453,10.246233,5.397035
9.943639,8.942913,5.076687
10.81184,9.678828,5.139867
10.887957,10.025931,5.186813
11.589286,10.037006,5.20166
11.589286,10.037006,5.20166
12.25974,10.08995,5.362054
12.982318,10.257974,5.442348
10.106018,8.797888,5.008472
10.523868,9.637654,5.02702
10.552652,9.75306,5.040154
11.617116,9.807867,5.25552
11.617116,9.807867,5.25552
12.668107,9.831545,5.390793
12.668107,9.88724,5.42671
12.998316,9.88724,5.42671
9.772607,9.640062,5.01833
11.199152,9.693155,5.042292
11.28033,9.749407,5.061627
11.63728,9.906192,5.212241
11.63728,9.906192,5.212241
9.741358,9.268341,5.072546
11.426644,9.461285,5.140414
11.426644,9.461285,5.140414
11.520247,9.521717,5.213766
11.587408,9.521717,5.213766
11.587408,10.154768,5.345382
12.936909,10.398438,5.554926
10.684106,8.797939,5.028908
10.684106,8.797939,5.028908
11.225932,9.857293,5.064834
10.200323,8.820489,5.00383
10.310676,8.941232,5.00383
11.50615,9.054493,5.009786
11.50615,9.054493,5.04246
11.698009,9.276199,5.05997
12.039088,9.276199,5.191011
12.521566,9.317266,5.191011
12.521566,10.019571,5.40428
9.471635,8.578616,5.035201
10.740157,9.548,5.037858
10.740157,9.548,5.225338
12.202891,9.632282,5.225338
12.487167,9.935484,5.225338
10.373164,9.248138,5.100689
10.373164,9.248138,5.100689
11.052103,9.527345,5.170561
11.052103,9.527345,5.170561
12.08317,10.083814,5.258844
12.08317,10.083814,5.258844
10.567908,9.012541,5.032158
10.613428,9.257633,5.059713
11.000779,9.617844,5.11237
11.738657,9.67057,5.151732
11.764456,9.882353,5.151732
11.764456,9.958429,5.151732
11.764456,9.958429,5.284314
12.436468,9.958429,5.564669
11.094378,9.487267,5.06356
11.404081,9.769231,5.076045
11.404081,9.958248,5.120565
11.807713,10.138932,5.25188
12.355022,10.138932,5.25188
11.180942,9.729516,5.081067
11.608097,9.731918,5.161561
11.616649,9.743944,5.281887
11.617504,10.124293,5.291102
12.638936,10.15036,5.408698
10.285271,9.246451,5.0154
10.544586,9.530343,5.094499
10.764563,9.837089,5.108911
11.065868,9.888502,5.118124
11.440253,9.950413,5.172091
11.765472,10.00554,5.390314
12.734615,10.115071,5.44274
11.037905,9.666827,5.076708
11.979057,10.035088,5.40205
12.901563,10.126454,5.442436
10.389597,8.562819,5.010929
10.389597,8.562819,5.018408
10.428535,9.050695,5.063755
10.515507,9.050695,5.063755
10.515507,9.313943,5.066298
10.641699,9.398556,5.071393
10.809913,9.398556,5.071393
10.809913,9.444757,5.084173
10.838952,9.73179,5.218988
11.125879,9.855398,5.218988
11.691684,9.940379,5.271492
11.802837,10.069379,5.374717
12.101979,10.130053,5.412207
12.662169,10.232818,5.419476
9.825036,8.931458,5.40998
10.229211,8.931458,5.104972
10.446043,9.008641,5.138524
10.482403,9.179499,5.158736
10.482403,9.179499,5.158736
10.631799,9.208607,5.179108
12.210842,9.294925,5.250678
12.555899,9.479133,5.250678
12.612378,9.950073,5.332634
12.612378,10.148777,5.352291
10.488798,9.005056,5.066667
10.488798,9.438709,5.095659
10.660768,9.438709,5.114107
10.94855,9.586707,5.114107
11.294183,9.769616,5.128834
11.501895,9.825857,5.128834
11.501895,9.825857,5.324841
11.981281,9.993657,5.334549
11.981281,9.993657,5.334549
12.294118,10.428717,5.474275
10.169274,8.841474,5.414141
12.19802,10.05408,5.322672
12.19802,10.05408,5.322672
10.262866,9.341721,5.029636
10.262866,9.341721,5.029636
10.662906,9.633921,5.069495
10.662906,9.904716,5.122582
10.662906,9.966443,5.153694
11.642167,9.976007,5.153694
11.725888,9.976007,5.153694
11.725888,9.976007,5.300191
11.885094,10.097135,5.300191
11.885094,10.097135,5.322581
12.17035,10.104496,5.348598
12.330961,10.104496,5.348598
10.710989,9.56784,5.418187
11.152289,9.707532,5.139632
11.152289,9.919015,5.168806
11.335633,9.919015,5.168806
12.12037,10.485106,5.500722
11.279337,9.861182,5.178059
11.476439,10.006166,5.276479
12.476641,10.049059,5.276479
12.476641,10.082676,5.333839
12.715384,10.12623,5.422256
13.049637,10.12623,5.449567
10.224681,9.28035,5.087253
10.424034,9.28035,5.087253
10.460592,9.768788,5.097014
10.460592,9.768788,5.104972
11.366225,9.782278,5.104972
11.85772,9.786783,5.133333
12.039088,9.827515,5.157001
12.039088,9.868586,5.178994
10.661686,8.922885,5.424047
10.921429,8.922885,5.074917
11.021948,9.290798,5.074917
11.021948,9.450772,5.09606
11.830605,9.694746,5.176784
11.830605,10.012161,5.176784
12.204975,10.012161,5.5
12.231127,10.381184,5.536989
10.546656,8.63609,5.425947
10.546656,8.787447,5.098132
11.481827,8.787447,5.098132
12.771566,10.095996,5.492994
13.271776,10.129199,5.501403
13.857154,10.417975,5.515477
10.026667,8.725739,9.563532
10.463948,9.193057,5.048594
11.318954,9.361501,5.048594
11.341125,9.428572,5.100176
11.409656,9.715436,5.124853
11.440464,9.845387,5.152213
11.440464,9.845387,5.155883
12.348902,9.97886,5.161397
12.500864,10.08312,5.432574
12.996558,10.320342,5.455779
9.50163,8.703682,5.429671
10.430096,8.894855,5.070253
10.738031,9.325373,5.139366
11.055612,9.429927,5.178923
11.512504,10.11237,5.414211
12.045996,10.173529,5.474527
13.610083,10.242623,5.497926
11.578339,9.815912,5.154963
11.578339,9.815912,5.154963
11.578339,9.815912,5.154963
13.043311,10.293059,5.443579
10.393579,8.983593,5.075761
10.393579,8.983593,5.126806
10.772239,9.40857,5.126806
10.772239,9.40857,5.131552
11.055525,9.608319,5.131552
11.209908,9.845061,5.164415
11.297714,9.913277,5.179493
12.250241,9.951088,5.243173
12.431364,10.529915,5.561379
10.364354,8.675214,5.435074
11.05172,9.380383,5.027581
11.236633,9.518329,5.027581
11.236633,9.518329,5.037789
11.267818,9.581635,5.04861
11.48072,9.581635,5.135695
11.48072,9.608434,5.135695
11.714098,9.867433,5.276465
12.264177,9.867433,5.276465
12.562588,9.913429,5.284582
12.562588,10.00448,5.709537
10.572,9.360533,5.100147
10.572,9.360533,5.100147
10.643313,9.596244,5.162801
11.02292,9.731227,5.266807
11.390071,9.935484,5.307211
11.919947,10.134776,5.355246
11.980285,10.382821,5.522289
11.15997,9.874809,5.301019
12.760992,10.638158,5.479366
9.298113,8.455574,5.440268
11.447514,9.779876,5.170012
12.173588,10.102837,5.333957
12.173588,10.102837,5.333957
10.341859,9.481818,5.441954
14.153276,10.559595,5.523832
11.123149,9.620992,5.186349
12.199631,9.96119,5.248807
12.391042,9.995673,5.425082
12.695796,10.189678,5.487587
12.803103,10.504775,5.544887
12.872666,10.574502,5.619754
13.001266,10.586617,5.639648
11.862773,9.422204,5.101799
12.030005,9.652968,5.135601
12.094136,9.943981,5.266448
12.116191,10.20136,5.479265
11.41297,9.433004,5.177043
11.41297,10.048509,5.177043
11.41297,10.048509,5.177043
12.027232,10.048509,5.26555
12.873918,10.511002,5.490325
11.038651,9.185965,5.039461
11.038651,9.335182,5.06111
11.238731,9.441795,5.06111
11.448284,9.441795,5.085141
12.39127,9.9,5.228448
10.666667,8.661797,5.087633
11.301406,8.661797,5.192337
11.301406,9.076158,5.192337
11.435597,9.493996,5.253877
12.404576,10.251135,5.494903
12.928654,10.807017,5.642636
10.662795,9.081225,5.451639
10.72809,9.081225,5.099338
10.944521,9.329685,5.099338
10.944521,9.792821,5.132782
10.871203,8.426517,5.453184
11.13253,9.382543,5.198312
11.145442,9.520111,5.233417
11.536827,9.993344,5.478053
11.562508,10.47482,5.483054
9.800568,9.279601,5.45471
10.307151,9.411444,5.087428
10.710077,9.411444,5.089034
10.913728,9.420611,5.119746
11.194166,9.550859,5.119746
11.194166,9.866558,5.152477
11.356505,9.904957,5.170106
11.699268,9.913079,5.212461
11.782651,10.038613,5.33201
11.908145,10.086775,5.704377
12.901814,10.118435,5.799472
10.080058,8.787288,5.456217
11.453722,8.787288,5.456217
11.660935,9.423702,5.188613
11.660935,9.5177,5.188613
11.690349,9.5177,5.190273
12.072438,9.541961,5.2181
12.469955,9.676675,5.2181
12.765165,10.000822,5.234377
12.765165,10.096266,5.280382
9.840157,9.415881,5.457706
11.745294,10.162274,5.358573
15.704963,10.657671,5.714353
10.229372,9.41716,5.083557
10.229372,9.41716,5.083557
11.287219,9.94551,5.163995
12.276266,9.94551,5.163995
12.276266,9.94551,5.163995
12.276266,10.110792,5.202154
12.336191,10.110792,5.202154
12.336191,10.110792,5.202154
12.336191,10.181818,5.322389
11.304685,9.476018,5.157358
11.373395,9.923554,5.19083
11.569762,9.94146,5.239645
11.976332,10.078862,5.271954
12.795252,10.330833,5.448632
13.670021,10.501482,5.49878
13.738191,10.616142,5.628604
10.849315,8.568779,5.12595
10.849315,8.568779,5.12595
10.93611,9.183876,5.155611
11.727818,9.999198,5.594976
12.749713,10.449424,6.016641
11.092356,8.880948,5.122334
11.363513,9.988858,5.148072
11.679423,10.018759,5.251464
12.907572,10.148373,5.31203
12.939176,10.353475,5.957518
11.370174,8.889828,5.094503
11.691239,10.243764,5.350281
11.966832,10.272931,5.58267
12.609086,10.503639,5.90991
11.014304,9.538288,5.270144
13.575531,10.281206,5.501786
10.900331,8.718964,5.091416
10.902655,9.284184,5.280182
10.902655,10.056648,5.295495
11.655762,10.056648,5.295495
10.459786,9.031782,5.153908
10.459786,9.999223,5.16737
10.459786,10.032377,5.173087
11.265002,10.038251,5.20344
11.585989,10.046094,5.257154
11.697976,10.143167,5.257154
12.078431,10.143167,5.257154
12.108286,10.143167,5.26361
11.125349,8.537205,5.090408
11.125349,8.537205,5.161496
11.125349,9.428572,5.168198
11.216995,9.489089,5.195181
11.257261,9.655533,5.195181
11.257261,9.655533,5.195181
11.531981,9.805572,5.293504
12.116614,10.10625,5.293504
12.116614,10.10625,5.298925
12.133661,10.10625,5.298925
15.171968,10.570786,5.555508
11.689198,10.058357,5.298992
11.704969,10.315497,5.342502
12.061638,10.448013,5.456184
12.304077,9.632082,5.269196
12.380445,10.03642,5.277694
12.387035,10.090576,5.278758
12.493439,10.25862,5.408532
12.503881,10.368317,5.48847
14.449121,10.573505,5.561338
12.123611,8.940417,5.180289
12.123611,8.940417,5.180289
12.47983,10.112904,5.202806
12.47983,10.112904,5.202806
12.47983,10.112904,5.202806
12.512443,10.357522,5.363886
13.108829,10.527284,5.541084
10.56667,9.182874,5.475555
11.848141,9.584947,5.102678
12.249495,10.262689,5.356522
10.548154,9.145898,5.123462
13.832814,10.468369,5.456631
10.902101,9.387283,5.13235
11.533843,9.450185,5.27896
12.129689,10.024692,5.539797
12.866454,10.446784,5.625866
12.969981,9.853747,5.236568
13.496933,10.803768,5.727949
11.381063,9.558808,5.23597
11.928921,10.245322,5.302034
12.142009,10.253074,5.784038
12.627068,11.216222,5.893455
10.295751,8.282589,5.09972
11.042334,9.031809,5.171805
11.042334,9.031809,5.171805
11.196549,9.459657,5.181637
11.196549,9.577653,5.184593
11.382399,10.063873,5.184593
11.739018,10.063873,5.206877
12.133541,10.477801,5.462525
12.29638,10.635193,5.636477
11.470656,9.423169,5.482948
11.470656,9.58294,5.098958
11.636209,9.926489,5.098958
11.636209,9.926489,5.121345
11.742129,9.969812,5.121345
12.188528,9.969812,5.24732
12.434566,10.213115,5.418462
10.656615,9.023241,5.102453
12.366981,9.653651,5.324706
13.307265,9.915828,5.380306
11.193216,9.017567,5.485307
11.36182,9.017567,5.16153
11.522394,9.565217,5.16153
11.522394,9.739986,5.293107
12.346064,10.140845,5.324114
12.359826,10.232558,5.339497
12.55577,10.260966,5.356004
11.097442,9.893167,5.087425
11.623854,10.07919,5.26123
12.273889,10.07919,5.26123
12.273889,10.07919,5.26123
12.273889,10.091963,5.269187
10.773785,9.213675,5.155049
11.351964,9.930203,5.179819
12.251339,9.937245,5.464613
12.303775,10.40193,5.596645
12.622382,10.469929,5.614583
13.065144,5.614583,5.968484
10.221053,8.757613,5.103124
13.497127,10.426193,5.482879
11.131802,9.651226,5.489877
12.772594,10.274112,5.315325
13.233392,10.373787,5.404024
11.414263,9.541192,5.49099
11.461329,10.39781,5.414291
12.176515,10.710526,6.158003
13.511975,11.483273,6.611743
11.78523,9.242982,5.185373
11.78523,9.242982,5.201852
12.123161,9.940656,5.246634
12.292243,10.066421,5.246634
11.241534,9.945778,5.191167
12.242746,9.945778,5.236476
12.366955,10.020181,5.236476
12.366955,10.120542,5.284037
12.88357,10.120542,5.284037
12.88357,10.325564,5.339885
10.671089,9.199873,5.319126
12.388533,9.661939,5.407041
13.722953,9.791004,5.407041
13.722953,9.791004,5.749007
14.016097,10.966666,5.794456
11.378421,9.485416,5.229249
11.559174,9.844748,5.298262
11.175937,8.574359,5.195312
11.399075,8.574359,5.195312
11.399075,9.262424,5.237627
11.456539,9.735485,5.25267
11.456539,10.086177,5.25267
11.781167,10.086177,5.430586
15.343472,10.342877,5.555345
12.039498,9.773717,5.291716
12.419486,10.18314,5.352379
12.866313,10.399152,5.398055
9.661956,9.174062,5.498466
9.661956,9.174062,5.498466
11.602118,9.568932,5.171491
11.602118,9.568932,5.171491
12.710586,10.24,5.376489
13.191167,10.385669,5.966102
10.654956,9.694064,5.216216
11.848516,10.099218,5.225387
11.960564,10.106087,5.306079
11.997982,10.522924,5.573746
13.397341,10.945314,6.288374
11.437979,9.540476,5.127167
11.463213,9.747472,5.132892
11.463213,9.892715,5.244164
11.654379,9.892715,5.276115
12.452225,9.991973,5.276115
12.725375,10.418832,5.46879
13.389804,10.540131,5.527986
12.14683,9.575892,5.2
12.14683,9.575892,5.2
10.303465,9.199635,5.502507
10.303465,9.199635,5.502507
10.535428,9.559462,5.157454
10.535428,9.559462,5.157454
11.130819,9.685224,5.23755
12.268672,10.12886,5.259911
11.304332,9.594561,5.503492
11.304332,9.638761,5.173161
11.590449,9.684916,5.241081
11.967653,10.131241,5.283985
11.973557,10.131241,5.283985
11.973557,10.143096,5.326662
12.500206,10.143096,5.326662
11.388235,9.108888,5.136793
11.388235,9.108888,5.136793
11.749157,9.752759,5.249096
12.185833,9.929013,5.249096
12.185833,9.929013,5.459135
13.500997,10.631799,5.666605
16.152563,11.253736,5.937494
10.703222,9.430989,5.154487
11.786923,9.887402,5.238633
11.391585,9.506173,5.139758
11.614971,9.506173,5.139758
11.614971,9.551868,5.19612
11.625932,9.551868,5.19612
12.205271,9.720688,5.30943
12.205271,9.978941,5.348615
12.998523,10.271803,5.411579
11.133532,9.543394,5.130781
11.385379,9.680688,5.245107
12.113883,10.145526,5.290378
10.784538,9.29013,5.21072
10.784538,9.29013,5.21072
11.692539,10.002572,5.274777
11.759947,10.002572,5.274777
11.759947,10.091808,5.299489
12.214784,10.091808,5.299489
12.214784,10.452957,5.615162
13.252955,10.622503,5.993257
10.807017,8.60501,5.174543
11.848399,9.686134,5.190437
11.831098,8.310012,5.206928
11.831098,8.310012,5.206928
11.141206,9.101917,5.244622
11.608218,9.884158,5.244622
11.962865,9.985766,5.308113
11.977615,10.147862,5.324676
12.682535,10.276692,5.487095
14.795547,10.776583,5.652135
9.841927,9.5144,5.51284
12.938813,9.6047,5.201175
13.214363,10.1587,5.605416
10.097962,7.781368,5.1794
10.097962,7.781368,5.1794
11.691044,9.883369,5.358314
12.6042,10.359638,5.388964
11.271581,8.282553,5.145644
11.472465,9.09466,5.150996
12.513997,9.726806,5.229245
12.584947,9.781492,5.302471
12.584947,9.781492,5.302471
13.107718,12.109104,6.962146
11.805074,10.281354,5.303378
11.805074,10.281354,5.303378
14.605397,11.238923,5.981688
12.366889,9.642137,5.51634
12.440275,10.25209,5.382475
9.76827,9.75878,5.517195
11.439384,9.830774,5.125677
11.439384,9.994796,5.125677
11.55477,9.994796,5.202454
12.433781,10.068774,5.281993
10.319963,9.503694,5.518042
10.871489,9.6109,5.518042
11.36492,9.926464,5.209147
11.36492,9.926464,5.209147
11.896636,10.257035,5.378259
12.542721,9.126557,5.213732
11.412322,9.545913,5.519713
11.91543,9.643221,5.260148
11.333561,9.568244,5.134522
11.333561,9.664148,5.134522
11.383984,9.935484,5.143652
11.483214,9.935484,5.235951
12.471272,10.430856,5.558359
13.182998,10.749394,5.679358
13.857113,10.749394,6.173147
10.926271,9.426798,5.144397
11.175654,9.601494,5.161081
11.607503,9.963626,5.186312
11.67543,10.247777,5.368784
10.642574,9.233223,5.196904
10.771477,9.233223,5.201735
11.254442,9.463566,5.201735
11.254442,9.5375,5.223994
11.442399,9.633286,5.247675
11.976099,9.673534,5.31539
12.024355,10.009541,5.31539
12.291808,10.134943,5.357804
13.281377,11.07804,6.354722
11.346959,9.363132,5.148614
11.401623,9.523084,5.156881
11.419961,9.562234,5.18383
11.447094,9.57445,5.187817
11.467528,9.630497,5.189014
11.497827,10.038994,5.304915
12.623187,10.061456,5.500897
14.668262,10.630733,5.618659
11.827544,9.831689,5.523763
11.489724,8.789773,5.165276
11.521327,9.287488,5.16959
11.709113,9.545365,5.310759
12.425703,9.761652,5.329888
13.145617,10.275967,5.387684
14.699924,10.285282,5.38939
15.735538,10.823342,5.667139
12.284033,9.487443,5.215959
13.747374,10.254349,5.380971
14.731444,10.272837,5.742022
10.793856,9.5474,9.810598
11.043776,9.61826,5.187613
11.42686,9.654765,5.21202
11.720819,9.807796,5.231472
11.734336,9.955646,5.267582
13.575925,9.987494,5.291118
10.763602,9.752898,5.198704
13.379618,9.804178,5.346559
11.567351,9.12803,5.527638
12.003118,9.873201,5.527638
12.003118,9.873201,5.132573
13.096476,10.651706,5.624087
11.058543,9.5892,5.528393
12.208717,9.755852,5.187658
12.865355,9.879081,5.261774
13.680818,10.14546,5.366847
13.687543,10.36759,5.428371
12.139248,9.694398,5.228146
12.875875,10.04396,5.244618
12.999164,10.424333,5.421947
11.195536,9.696769,5.296327
12.087788,10.296774,5.39645
14.24133,10.429823,5.463202
11,9.577947,5.181224
11.136338,9.679154,5.324375
11.692001,9.797472,5.387412
12.761353,9.986125,5.435154
13.950158,10.191013,5.712018
11.007691,9.597615,5.53135
11.140117,9.601518,9.834791
11.997629,10.055359,5.26809
11.243362,9.574485,5.305988
11.783641,9.517315,5.532791
12.272391,9.604301,5.248714
12.086569,9.856339,5.167711
12.552737,9.856339,5.167711
12.611194,10.015911,5.252049
12.611194,10.284322,5.481934
10.403753,9.586592,5.122752
10.403753,9.621145,5.122752
10.859941,9.621145,5.167933
12.196988,9.632718,5.183917
13.725386,10.819997,5.71003
11.347748,10.096958,5.206504
11.347748,10.096958,5.206504
12.962639,10.257974,5.368786
10.624555,9.062198,5.536291
11.477359,9.583301,5.227442
12.785007,10.135518,5.310345
11.209419,9.869934,5.382875
11.209419,9.869934,5.382875
12.568195,10.296952,5.388811
12.568195,10.296952,5.388811
10.632579,9.080054,5.537652
10.713433,9.196901,5.537652
10.713433,9.196901,5.537652
11.20682,9.444701,5.151655
11.645626,9.983995,5.214053
11.869075,10.026151,5.277603
12.546252,10.616095,5.555623
10.880589,9.188315,5.152297
11.274308,9.618738,5.162732
11.488965,9.732718,5.163814
11.568075,9.928811,5.182641
12.153398,10.069473,5.199043
14.336695,10.113559,5.298545
14.801022,11.419744,6.009756
11.814101,9.555613,5.209713
13.405815,10.121079,5.348224
11.959246,8.421195,5.226562
11.867667,9.595506,5.221427
12.028169,10.129667,5.273085
11.319283,9.664447,5.163895
11.413446,10.025243,5.163895
11.413446,10.025243,5.185542
12.588206,10.108506,5.294695
12.626119,10.195919,5.361279
12.915704,10.318611,5.378475
13.936651,10.334155,5.442481
13.027511,10.32121,5.445059
10.282625,9.239252,5.542878
11.261343,9.757086,5.32
12.959032,10.108424,5.423927
13.377176,10.283319,5.473094
13.794379,10.367403,5.557455
10.559027,8.129416,5.142319
12.564191,9.714358,5.289384
13.179881,9.797845,5.335568
13.255358,10.280484,5.341912
12.006576,9.24,5.234234
11.967671,9.949606,5.169867
10.870843,9.547733,5.54537
11.30978,9.659878,5.164885
12.391088,9.930379,5.203824
13.323223,9.986823,5.222102
13.644194,10.046524,5.320212
14.108586,10.425894,5.320944
14.15379,10.600302,5.540998
11.740433,9.708068,5.242908
13.332646,10.070845,5.273184
13.658777,10.098361,5.334433
11.011659,9.132075,5.166346
11.076617,9.621435,5.166346
11.076617,9.712576,5.198052
11.392398,9.712576,5.251297
11.845254,10.289714,5.427974
12.084988,10.555947,5.476037
12.405317,11.483053,6.097817
12.000613,9.639231,5.166898
12.000613,9.639231,5.166898
13.927719,10.171889,5.280238
14.217538,10.762416,5.719968
11.624362,9.210742,5.236698
11.998167,9.533868,5.25527
12.146813,8.996805,4.901654
12.82342,9.764459,4.994805
10.801856,9.197769,5.548966
10.920328,9.436814,4.772171
11.101823,9.59583,4.7866
11.651726,9.778381,4.933067
11.797601,9.868595,4.953442
12.334398,9.984359,5.009239
10.882498,8.789293,5.54955
11.064327,9.476923,4.863753
13.589397,9.936727,5.00403
13.727909,10.094512,5.221711
11.582142,9.103275,5.550129
11.911602,10.246885,4.996367
11.911602,10.246885,4.996367
11.729896,9.601918,4.990963
13.162394,10.283807,5.156804
12.393795,8.752277,4.907322
12.393795,8.752277,4.907322
13.519182,9.909862,4.988317
11.375489,7.985857,5.55296
11.454007,8.768683,4.790103
11.677725,8.91188,4.821918
11.794604,9.010638,4.838848
11.903381,9.129,4.897133
11.962045,9.138233,4.903926
12.016848,9.381793,4.946286
12.377197,9.646696,4.983574
12.417837,9.652422,5.006896
10.938087,8.027933,4.881287
10.938087,8.027933,4.881287
11.671672,9.303545,4.885962
11.95985,9.582062,4.915091
11.977401,9.674055,4.915091
12.718349,10.013495,5.106996
13.068751,9.943925,5.001709
10.826937,9.03891,4.871801
11.97728,9.546784,4.894126
12.054529,9.638537,4.945039
12.559908,9.968,4.988838
12.628165,8.619883,4.960577
12.153733,9.107618,4.889177
10.717185,9.274005,5.556224
12.020815,9.806603,5.016892
10.809816,8.080937,5.556754
10.809816,8.080937,4.825856
11.264237,8.912761,4.825856
11.264237,8.96734,4.872906
13.250992,8.96734,4.882312
13.368784,9.188463,4.882312
13.482152,9.345874,4.928728
13.457992,10.217832,5.198957
10.692268,8.580875,5.557803
11.204477,8.912868,4.869354
12.994977,9.458268,4.876414
13.757199,9.49887,5.064386
12.01994,9.831314,5.023334
12.935622,9.981313,5.165381
10.528278,8.809153,5.558837
12.357747,9.771574,4.99646
11.584628,8.480447,5.559349
11.958641,9.495978,5.559349
12.508534,9.821837,4.879908
11.065629,9.218369,5.559856
11.411985,9.467983,4.873529
10.316145,9.608798,4.788547
10.316145,9.608798,4.788547
11.437884,9.920519,4.923466
12.078431,9.472222,4.99779
11.36831,8.353352,4.878104
11.517863,9.527176,4.952621
10.94063,8.413513,4.845675
12.144907,9.786011,5.077712
11.727041,9.889429,4.909193
11.478261,9.384221,4.820428
11.478261,9.384221,4.820428
12.049417,9.407351,4.964932
14.78649,9.593443,5.051505
10.939212,8.510096,4.837077
12.086718,9.725958,4.837077
12.086718,9.725958,4.901129
10.935362,8.603017,4.872182
11.72594,8.720995,4.883757
12.019308,8.720995,4.883757
12.019308,9.498818,4.886187
12.418657,9.723463,4.905438
11.036267,8.865967,5.565217
12.110588,9.130623,4.945584
13.128691,9.666957,4.966073
12.280058,9.085638,5.160116
10.789394,8.325876,4.859101
10.789394,8.325876,4.859101
12.011834,9.247334,4.885413
11.821935,9.192616,4.929762
13.004643,9.729484,5.045201
15.940951,10.103483,5.304688
12.056646,9.582077,4.907766
12.361204,9.013737,4.975385
11.171082,8.507491,4.901284
12.100876,8.632516,4.902296
12.857767,9.835796,5.021924
10.028064,8.560359,9.047176
10.028064,8.560359,9.047176
12.783119,9.973397,5.16376
11.455816,9.214335,4.869694
11.165374,9.432756,5.570193
11.165374,9.677596,4.883704
11.988024,9.677596,4.883704
11.592021,9.777778,4.926424
12.548381,9.786062,4.931682
11.220333,9.295899,4.811251
11.587051,9.570352,4.907782
12.486767,9.667153,4.970938
12.902992,9.739259,4.978413
12.479506,9.280255,4.833758
12.624321,9.914304,5.051374
11.763282,9.474518,4.956397
12.055028,9.577586,4.975953
11.198661,9.215748,4.854166
11.285723,9.46734,4.854166
11.285723,9.46734,4.937615
11.618315,9.671728,4.94335
11.611149,7.889477,4.915751
12.111133,8.378523,4.961445
11.233932,8.323591,5.573593
11.54812,9.112953,4.938424
12.049188,9.650541,4.95291
12.233924,9.730987,5.043525
11.198017,9.08572,4.836792
12.55479,9.432634,4.897723
12.659505,9.478817,4.938004
12.681505,9.548465,4.957617
11.101664,8.884615,5.575631
11.983539,8.903548,4.836479
12.573073,8.903548,4.972112
13.397839,8.903548,5.03595
13.397839,9.128527,5.049711
13.397839,10.042429,5.049711
14.021449,10.049781,5.049711
11.457571,9.064786,4.859317
11.437086,9.427958,4.833425
11.437086,9.427958,4.833425
12.959327,9.497797,5.00232
13.64749,9.65085,5.228779
12.633437,9.480616,4.997843
12.334786,9.723733,5.043963
13.616571,9.84164,5.023027
12.126134,9.137171,4.830245
12.126134,9.137171,4.830245
13.912772,9.299764,5.04944
11.855387,9.479195,4.925422
14.095808,9.589524,5.199748
14.383939,10.614988,5.289321
11.610395,9.358875,4.86634
13.211136,9.952434,5.071903
11.509024,9.333333,4.891774
12.198394,9.55291,4.923732
13.479303,9.638988,4.929343
11.411321,8.924343,4.836524
11.624672,9.018707,4.837462
11.863052,9.146838,4.886495
12.503696,9.295948,4.911265
12.538259,9.37102,4.967989
12.54141,9.40458,5.060959
12.633498,9.856974,5.099494
12.471966,9.764901,5.058621
12.776005,10.134656,5.07761
11.194381,9.111434,4.814346
12.186916,9.285001,4.902974
12.28533,9.446609,5.037275
10.961093,8.417551,4.84561
10.961093,8.417551,4.909144
11.320856,8.782351,4.909144
12.643583,9.880265,5.188796
10.663886,8.967464,4.876532
10.879236,9.1168,5.583538
12.333293,9.814157,5.078845
12.333293,9.814157,5.078845
12.333293,9.814157,5.078845
10.658427,8.499343,5.584588
11.449687,9.267305,4.823491
11.085507,9.552579,5.585278
11.241726,9.556086,4.813168
12.042802,9.683192,4.958986
13.130353,9.78789,5.067861
11.339271,9.24,4.943516
10.147779,9.145053,5.58596
12.282758,8.097808,5.236901
10.971123,8.904411,5.587961
11.676765,9.343153,5.049181
12.942117,9.75057,4.90617
11.664261,8.817325,4.920218
13.2862,10.095041,5.144635
12.668195,9.859155,4.866378
12.668195,9.964873,4.866378
13.111962,9.964873,5.100303
11.084347,8.211467,4.851262
12.451591,8.704617,5.077795
12.82726,9.450488,5.12581
10.837545,8.50564,4.818014
11.408598,8.987342,4.82503
11.206868,7.733127,4.837554
11.393776,7.733127,4.872811
11.393776,9.032704,4.909685
12.44515,9.100174,4.909685
11.920642,9.652884,4.974259
14.573359,10.06278,5.004597
12.763515,9.088691,5.591764
14.537471,9.934591,5.59207
12.173244,9.866525,4.957525
11.161213,8.66963,4.849442
11.161213,8.66963,4.849442
11.631152,9.19517,4.851769
12.195009,9.931934,4.854099
10.558333,8.781287,5.592977
12.257696,9.086879,5.592977
12.661367,9.800984,4.842809
12.558754,9.995721,4.944736
12.379694,9.341088,4.957009
13.548659,9.74008,5.045102
10.670958,8.174026,5.594164
10.856977,8.655405,4.834792
10.914795,9.439625,4.847057
11.710783,9.465782,4.875357
11.955789,9.340275,4.993639
10.98827,9.134016,5.594748
11.628604,9.339486,5.594748
12.609086,8.810232,4.993059
11.692403,9.321881,4.845444
11.692403,9.321881,4.845444
11.77353,9.54939,4.886798
12.034545,9.85069,4.948595
13.913065,9.877939,5.107178
13.913065,9.877939,5.107178
13.913065,9.877939,5.107178
11.056639,8.909881,4.841298
11.833342,9.839329,4.879752
11.833342,9.839329,4.879752
12.182539,9.674309,4.942378
10.498569,9.192201,4.848053
11.550577,9.471095,4.851107
12.814163,8.16009,5.307668
11.029779,8.8733,4.879028
11.402926,9.841173,4.879028
11.402926,9.841173,4.889301
11.234493,9.13396,4.87053
11.234493,9.13396,4.87053
12.12485,9.373053,4.888479
12.12485,9.373053,4.888479
11.540699,9.360953,4.888276
12.341435,9.559749,5.002137
14.285576,9.725244,5.416444
11.329076,9.636007,4.856484
11.774617,9.864036,4.886256
13.084577,10.129143,5.224964
10.574635,7.318359,5.599205
11.525239,9.473127,4.84761
14.654854,9.814289,5.074527
11.84024,9.047765,4.911975
11.410692,9.606335,4.907252
11.875069,9.224982,4.911046
12.271169,9.318011,4.935856
12.445741,9.491978,5.600263
12.706432,9.696065,4.993273
13.908752,9.700788,5.024554
14.347941,9.923109,5.050674
13.71082,9.7329,5.039835
11.005039,8.895143,5.600783
11.763208,9.034296,4.833803
11.79092,9.838644,4.876979
11.943326,10.001665,5.01231
12.198327,9.721629,4.889086
13.341122,9.940379,5.058465
12.917345,9.133825,5.018901
11.827152,8.350035,5.004113
12.141079,9.351089,4.860657
12.181395,9.506614,4.860657
12.181395,9.506614,4.925728
13.278289,9.313626,5.048768
11.322293,9.600493,4.972109
13.565767,9.80011,4.995664
12.572062,9.111094,5.604529
13.095376,9.247535,4.87456
10.726368,8.453759,5.604769
10.821981,8.637105,4.827549
12.027894,9.787727,4.922374
11.996364,9.134737,5.096601
12.321208,9.892467,5.107877
12.824165,9.893245,5.18587
12.002275,9.269772,4.894938
13.227586,9.891233,4.95297
12.60139,9.926934,5.050788
11.922023,9.894623,5.111726
10.951932,7.398275,5.606878
11.214248,8.894301,5.606878
11.509094,9.252932,5.606878
11.687469,9.565217,4.927335
12.704502,9.646792,5.112391
13.093628,9.900852,5.144904
11.93976,9.078032,4.856721
12.64445,9.632218,4.917717
12.64445,9.632218,4.917717
11.999627,9.089522,4.91052
12.033836,9.36865,5.002487
12.349545,9.912535,5.046212
13.224858,10.107875,5.056319
12.949227,8.9607,5.607787
12.949227,8.9607,5.607787
11.281364,8.796418,4.847402
11.584741,9.067059,4.851936
11.984103,9.067059,4.92136
11.984103,9.343421,4.92136
11.35112,9.157108,4.851299
11.417428,9.157108,4.856555
11.668552,9.262168,4.881178
11.668552,9.262168,4.881178
12.257261,9.34004,4.897547
12.257261,9.644999,4.897547
13.653741,9.665702,5.144685
12.891609,9.047526,5.050157
11.193818,9.256654,5.609771
11.490434,9.332672,4.847183
12.679042,9.504939,4.860588
12.704703,9.964774,5.142545
12.515001,9.717514,5.6102
13.853557,9.878422,5.102874
11.761662,8.447216,5.610414
12.53463,9.198808,4.988276
13.272419,10.255589,5.407681
11.67402,8.945801,5.610837
11.892634,9.053289,4.866589
11.892634,9.238293,4.866589
13.635007,9.238293,5.200187
13.602524,8.612331,5.161479
12.159913,9.819245,4.865331
12.630413,9.583879,4.903494
12.666071,9.907692,4.903494
12.666071,9.907692,4.96536
12.741425,10.222424,5.184509
12.306575,9.789079,4.918878
12.012883,9.177296,5.612699
13.28934,9.608018,4.906156
13.28934,9.608018,4.906156
11.227187,9.256088,4.876832
11.323153,9.680312,5.159539
11.72227,9.217579,4.856595
12.135647,9.441344,4.896924
12.135647,9.441344,4.896924
12.483656,9.07674,4.987899
12.820813,10.272781,5.286743
10.961636,9.332074,5.614095
10.963809,9.49612,5.614095
12.560605,8.829713,5.614291
12.929105,9.438845,5.614291
14.079642,9.693664,5.015016
14.523735,9.795053,5.254379
12.209545,9.93975,4.982889
13.952295,9.780525,5.280334
12.960892,9.434947,5.108524
11.80864,9.88841,4.89368
11.187483,8.315434,5.615258
11.440934,8.624,5.615258
11.708092,8.817163,5.615258
12.734212,9.208832,4.915986
13.27209,9.630953,5.098596
13.880057,10.012861,5.162835
12.207031,9.022742,4.962827
14.337255,10.289182,5.291977
11.293251,9.021168,4.963198
13.137508,9.994616,5.080092
11.435551,9.140234,4.882135
12.213564,9.196123,4.886692
12.319463,9.268472,4.915748
12.982353,9.167614,5.616392
13.160324,10.131434,5.220148
11.07088,8.985193,4.874517
11.814258,9.470943,4.910268
13.01072,9.934099,5.051684
13.095551,10.118065,5.210611
12.021656,7.700414,4.957596
11.833026,8.696996,5.617678
14.545345,9.732188,5.103895
12.00049,9.499903,4.921314
13.014661,10.02908,5.16964
11.967229,9.124373,4.877897
11.966974,9.529457,4.866199
10.872835,8.723783,4.870997
11.91941,9.247818,4.924669
12.450928,9.503149,4.937692
13.17792,9.201942,5.13087
11.551928,9.304385,5.620986
13.24585,9.385308,5.075663
11.866646,8.43364,4.979708
12.022145,9.933522,4.980201
11.491489,8.969632,4.934996
11.232377,7.813148,4.924957
12.363726,9.393503,5.082201
12.294065,9.405017,4.947509
12.796561,9.507483,5.211023
12.856105,9.73399,5.026661
13.667984,10.100371,5.203557
13.107501,9.541346,5.159181
11.510146,10.016912,4.946202
11.439056,8.873228,4.882251
11.503546,9.651383,4.924632
11.506337,9.006266,4.882584
12.621414,8.872283,4.94972
12.711151,9.576997,4.95666
12.711151,9.576997,4.95666
11.314423,9.343945,5.624203
11.272193,8.613145,5.624817
11.272193,8.613145,5.624817
12.569425,10.1165,5.209475
10.545491,8.497804,5.625421
11.036738,9.192698,4.843359
12.353582,9.208708,5.014701
13.156935,9.690269,5.23412
10.714665,7.430865,4.878255
12.407839,9.129981,4.878255
12.407839,9.129981,4.91545
13.523543,9.823533,5.07149
11.229899,8.585423,4.858576
11.626424,9.113253,4.869049
11.875848,9.351756,5.626602
11.516684,9.249514,4.870482
10.941533,8.638725,5.627323
12.646707,9.10192,5.070749
11.493916,8.887846,5.627465
12.339127,9.382781,5.070708
13.072796,9.25187,5.627607
11.695366,9.484893,4.984548
12.244965,9.064837,5.62789
11.24518,8.823606,5.62817
11.610744,9.217216,5.62817
12.326464,9.217216,4.92107
12.326464,9.342876,4.92107
12.51499,10.22963,5.261589
12.243251,8.618083,4.941571
12.531972,9.503011,4.922145
12.954507,9.834251,5.074337
11.922153,9.473145,4.905905
11.922153,9.473145,4.905905
12.41472,9.630015,4.909526
12.41472,9.630015,4.909526
11.855425,9.092437,4.899095
12.364338,9.312469,4.924432
11.643719,9.410147,5.62927
12.362645,8.445361,4.999106
12.600683,9.522351,5.275465
12.104513,8.854675,4.938419
12.341247,10.053685,4.957052
11.997299,9.128394,5.630075
11.997299,9.128394,5.630075
11.870226,9.17163,4.899069
12.704842,9.852274,5.081898
11.465982,9.236312,4.92936
12.224599,9.917485,5.112303
12.921283,9.123242,4.941272
12.921283,9.123242,4.941272
12.734859,9.294258,4.93604
12.809292,9.53587,4.93604
12.809292,9.53587,4.958088
14.013773,10.191379,5.164039
12.105278,9.206118,4.841565
12.133961,9.274801,4.912689
12.681081,9.933183,4.948826
12.69634,9.333333,4.908016
12.53689,9.390448,4.866797
12.028251,9.175091,4.898401
12.980049,9.431643,5.025371
12.717132,10.175622,5.157159
9.964603,9.508525,5.633368
13.317674,9.7366,5.177073
11.900304,9.197586,4.909211
11.900304,9.197586,4.909211
13.163264,10.220344,5.252209
13.552923,9.990937,5.223355
12.658266,9.272579,4.945241
12.658266,9.272579,4.945241
12.428144,9.75506,5.109924
10.698947,8.610722,4.871186
10.698947,8.610722,4.871186
12.109611,9.205595,4.913178
12.109611,9.205595,4.913178
11.640976,8.760303,4.885523
12.165898,8.81259,4.852431
12.165898,8.81259,4.91424
12.347576,9.359805,4.91424
12.062296,9.679356,5.000216
12.538698,9.102406,4.932457
12.451525,9.696237,5.008534
11.784822,9.276739,4.94825
11.355787,8.841618,5.637147
13.992665,10.255966,5.270226
12.120647,9.440613,5.637256
12.762835,9.241664,4.930388
12.762835,9.241664,4.930388
13.560096,9.497183,5.056347
12.01163,9.521796,4.999895
12.073834,9.646462,4.907797
12.073834,9.780792,4.907797
12.397434,9.780792,4.985568
12.542482,8.98158,5.075932
12.195683,10.034155,5.017473
13.525817,9.21943,5.209143
13.489051,10.099422,5.273915
14.535773,10.391004,5.329193
11.909713,9.318921,4.899929
12.592709,9.255179,4.914602
12.592709,9.255179,4.914602
13.04539,9.799078,4.935419
13.04539,9.799078,4.935419
11.859206,8.775287,4.893952
15.083955,10.208871,5.326087
13.333425,10.274265,5.276034
14.899043,10.586035,5.420059
12.092247,9.232004,4.924464
12.590446,9.232004,4.924464
12.590446,9.600904,4.965472
14.123457,10.041251,5.325335
12.416922,9.885999,4.885486
8.769316,8.344731,5.640639
11.902575,8.715698,5.640639
11.878126,9.114691,5.640833
13.437117,10.083473,5.187979
13.825649,9.170547,5.179363
15.293043,10.39737,5.417022
14.731077,10.168331,5.305968
11.730751,8.407655,5.641407
11.730751,8.407655,4.957393
14.575762,9.980627,4.957393
11.506937,8.894962,4.966025
12.234937,9.252185,5.022074
14.375241,9.464213,5.222372
12.025432,9.163497,5.641879
12.780568,8.170818,5.642066
11.864532,9.073831,4.882293
12.334621,9.879784,5.124118
12.350268,8.930473,4.973567
12.528942,9.494133,4.914814
12.528942,9.494133,4.914814
12.303669,9.308232,5.257434
12.288908,9.916214,5.034637
11.14917,7.853894,4.86408
12.028221,9.150009,5.093623
12.213588,8.909752,5.104297
11.280322,8.663107,4.898885
12.64577,9.768983,4.969656
13.095618,9.289414,4.953141
13.095618,9.289414,4.953141
13.805413,10.02037,5.232972
12.186954,9.134734,5.64387
13.801405,9.818354,5.212759
11.345957,8.617432,4.872211
12.41795,8.795917,4.943949
12.5703,9.249494,5.146287
13.423348,8.385714,4.871228
13.045918,9.139783,4.946397
14.034975,10.138209,5.134084
11.335089,8.752541,5.644648
11.553584,9.269364,4.874431
12.366872,9.754305,5.030547
12.267858,9.44625,4.891375
13.719021,10.136038,5.134702
10.880435,9.120337,5.076842
12.219763,8.976936,5.645072
11.643912,8.002403,4.894727
13.857909,9.800128,5.055015
13.517789,8.489579,5.146255
12.191122,8.438356,4.880036
12.371252,10.04379,4.944614
11.507441,9.66625,5.646144
14.557368,9.14093,5.238627
12.624333,9.700465,5.22894
11.918806,9.091075,5.646944
12.321037,9.201542,5.646944
14.033998,10.062039,5.207959
12.518472,10.253742,5.260549
11.283083,8.538449,9.213293
12.046,8.953994,4.896111
13.057446,9.913307,5.107947
12.256011,9.260465,4.936291
13.814475,9.962042,5.203211
12.255268,9.082708,5.648026
12.976876,9.78269,5.648026
12.191231,9.172434,5.648178
12.491111,9.972943,5.132279
11.745559,9.186538,5.648403
12.729978,9.616461,5.188684
11.726995,8.289206,5.648995
13.102992,9.633136,5.194994
12.238739,9.607173,5.107257
12.385185,10.000351,5.149433
12.232297,9.229675,4.987582
13.75273,10.403131,5.332151
12.660102,9.276582,5.649214
13.340951,9.380774,4.926674
12.943151,9.725491,5.240755
13.649343,10.268046,5.269679
13.515535,9.217483,4.985768
13.515535,9.217483,4.985768
13.515933,9.481818,5.194576
12.064479,8.926149,5.649431
12.862429,9.215048,5.201431
11.535233,8.294913,5.649503
11.700961,8.984536,4.933759
12.006045,8.94452,4.913077
12.892582,10.087749,5.186609
13.671829,10.287296,5.280161
14.148109,9.712938,5.237881
12.34002,10.374272,5.158485
10.656707,8.831751,5.650072
11.897367,9.208411,5.650072
12.472646,9.537755,4.911814
15.286209,9.805873,5.133671
13.180082,9.662695,4.98804
13.180082,9.662695,4.98804
13.893641,8.846376,5.28372
12.550057,9.212854,4.910739
12.908013,9.9956,5.217572
11.659163,9.072321,5.651175
12.827449,10.099218,5.115993
13.312782,9.669114,4.992398
13.312782,9.669114,4.992398
11.827957,9.368132,4.919317
14.846374,9.986195,5.216232
12.64173,8.827556,4.919602
12.653747,10.179872,5.228084
12.670012,9.233126,4.991928
11.975773,9.202482,5.651775
13.799869,9.870338,5.313156
14.912761,9.947384,5.356045
12.798687,9.086058,5.05689
14.573114,9.348394,5.352633
13.881542,10.30096,5.284084
11.960727,9.040428,5.652746
12.527692,9.040428,5.652746
12.527692,9.17113,4.961401
12.929414,9.411863,5.078041
13.652437,9.51264,5.134297
14.379992,10.009437,5.150415
12.170974,8.745168,5.653187
12.945992,8.999089,4.940814
12.097017,9.226917,4.985243
12.497697,9.501952,5.653435
12.574926,8.777935,4.958426
12.238014,8.470984,5.654166
12.809192,9.602256,5.17562
12.97677,10.371054,5.317518
12.381681,8.689655,5.125823
13.47356,9.501375,5.145795
11.922487,7.788331,4.884161
12.279915,8.436245,4.899213
12.66842,9.313739,4.96092
11.596025,7.647436,4.911842
12.225456,8.824142,4.93964
12.922749,9.204854,4.967936
13.177752,9.472154,4.982841
12.21288,9.473412,4.900134
12.372108,9.081967,4.914799
12.189761,9.196831,4.901872
12.042192,8.827519,4.917058
12.100052,9.794929,4.978429
12.244043,9.35166,4.911483
12.349876,10.410038,5.101766
11.728674,9.195175,5.655396
11.838294,8.444415,4.903901
11.735717,9.836979,4.926412
11.731225,8.949561,5.655904
12.138213,9.065112,5.655904
12.261871,9.30507,5.116439
13.028908,10.038203,5.160617
14.116909,10.063343,5.496181
12.329585,8.769897,5.65596
12.051465,9.135001,5.656016
12.246807,9.186609,4.897394
13.994761,9.34833,4.909149
14.055243,11.50011,5.148172
13.14121,10.184488,5.229713
12.033843,9.240651,5.656127
12.300434,8.699415,5.656292
11.920065,8.335378,5.656347
12.28588,9.528066,5.067015
12.463181,9.315608,4.95965
13.967886,9.675629,5.06579
12.260194,9.073702,5.65662
14.204483,9.880391,5.090518
12.359528,8.945112,5.656728
12.513134,9.23187,4.921021
12.819424,8.927536,5.113015
12.434872,8.815414,4.902728
12.505415,8.93232,4.907418
12.881931,8.849871,4.9285
12.259619,8.678448,5.65705
11.597489,8.946612,5.657103
12.702533,9.082719,4.913845
12.329321,9.526111,4.922271
12.018441,9.039702,4.890927
12.496777,9.756964,4.959724
13.247312,10.358294,5.305448
11.959712,8.820068,5.657577
12.119525,8.831577,4.917214
13.858781,8.605207,5.068704
11.256153,9.042541,5.657732
12.228322,7.941946,4.907769
13.369251,9.492636,5.069604
13.136352,10.24739,5.256742
11.940645,8.786981,5.657989
13.720513,9.716745,5.154739
12.249099,9.029217,5.025615
10.760565,7.415663,5.658142
13.091986,10.011687,5.074511
11.938088,9.081231,5.658344
12.546511,9.211561,4.913315
11.89261,9.113569,4.921496
12.842292,9.373913,4.928176
12.94856,8.940652,4.976313
11.309669,7.748428,4.900383
11.309669,7.748428,4.916811
12.005977,8.436045,4.916811
12.155942,8.963437,5.658694
11.614139,9.038194,5.658743
12.153995,9.197378,5.658743
12.415206,8.87029,5.007455
12.606071,9.4375,5.020203
12.634971,9.778974,4.970653
13.911404,9.47404,5.659135
12.312717,9.206823,5.659281
12.145393,9.910649,4.957332
12.764454,8.533535,4.956558
11.72407,8.469769,5.659425
12.597502,9.355903,4.912187
12.82401,10.009427,5.147554
12.580648,8.943474,5.04558
12.078689,9.204782,4.915007
12.623795,9.362011,4.974457
13.030307,9.784179,5.041203
12.33753,9.917577,5.104851
12.583579,9.123164,5.660087
11.808833,8.614673,4.926603
12.257331,8.725823,5.075006
12.784442,8.823407,4.911186
11.626617,9.233994,4.988414
12.642242,9.121038,4.933794
12.083971,8.866767,5.007914
12.683106,9.191843,5.112687
12.208146,9.240392,4.922362
11.966206,8.940562,5.660774
12.249743,9.275926,5.008604
12.465541,9.689452,4.997811
12.058272,9.227955,4.917895
12.968421,8.672207,4.938458
12.978466,9.267257,5.108737
13.003249,9.257545,4.931429
13.400761,9.498805,5.120465
12.387167,8.807873,5.661396
13.465478,9.14606,5.661396
11.364093,8.974859,4.909871
12.329474,8.924179,5.035123
12.368963,9.376025,4.920372
11.70302,8.847315,5.661743
11.911228,7.906651,4.864877
11.982557,9.25913,4.904894
11.78007,9.209929,4.976532
13.385056,9.633619,4.972744
12.246024,9.354159,5.662296
11.199793,9.429454,4.877918
12.037653,9.379259,5.662463
13.074188,8.842062,4.921165
14.467878,9.777148,5.264957
11.796251,8.748796,5.233766
12.424456,9.109329,4.923553
12.821229,10.003075,5.069265
12.479191,9.002353,4.938254
12.28483,8.881282,4.944273
12.339971,9.3506,5.663158
12.207781,9.313636,4.958095
14.88159,9.05962,5.340979
12.903145,9.148245,5.663319
12.069632,9.354413,4.908941
13.15179,9.143471,5.664024
12.75677,9.263702,5.147324
12.024253,9.252522,4.927655
13.005637,9.768444,5.664292
12.296147,8.610538,5.66433
11.902491,8.62146,5.664368
12.746017,8.717856,4.921983
15.568572,10.183357,5.664631
11.1453,8.252548,5.664706
12.040331,8.48312,4.987137
12.395971,9.41086,5.004026
13.635911,9.517856,5.065293
12.028007,9.371999,4.918079
13.143312,9.275772,5.664854
12.219029,9.378076,4.920638
12.473631,9.163651,5.665001
11.391411,8.816954,4.908311
12.758786,9.287887,4.944997
11.75991,9.378021,4.918219
12.691816,9.604146,5.02728
12.221586,9.380176,5.665685
13.479378,9.847444,4.986493
12.785873,8.243683,5.056062
12.010737,8.635664,5.665931
13.095238,8.635664,5.08282
13.095238,8.710866,5.08282
12.636318,9.033414,5.666
12.691321,9.382654,4.920843
12.690018,8.805353,5.666139
12.690018,8.805353,5.666139
12.133028,9.70889,4.868803
12.485478,9.460069,5.103625
12.66471,9.56927,5.082051
12.036143,9.325916,4.895147
12.398329,8.744306,5.667048
12.767253,9.757984,4.889999
13.088248,8.680309,5.667471
13.004125,9.291758,4.94679
12.08762,9.535213,5.066597
13.569385,9.138417,4.93925
13.303023,9.159732,4.949395
12.03162,9.839211,5.064712
12.168764,9.240241,4.920839
12.765173,8.600805,4.990891
12.955768,9.077862,5.668801
12.654573,9.431941,4.944789
12.79983,8.829983,5.669214
12.820432,9.255373,4.927866
13.474858,9.645349,5.273515
13.086512,9.336659,4.968482
14.423225,9.379353,5.284433
12.120593,8.635649,4.941198
12.911753,9.768248,5.032871
12.145968,9.313442,5.67001
11.538685,8.781561,4.956981
14.626153,9.253743,5.670176
12.848963,9.605745,4.956762
12.465862,9.406173,5.670312
14.039853,9.768223,5.260192
11.99084,8.213512,5.036566
12.379494,9.153134,4.945027
12.604102,9.275572,5.008196
12.045426,8.87228,5.670876
11.998555,9.064629,4.893023
12.285324,9.18386,4.900557
13.452239,9.362091,5.671007
12.824099,9.214593,5.047517
12.962174,9.028111,5.671059
12.853042,8.816322,5.046202
11.985805,8.949857,4.910151
12.983511,8.526976,4.948669
13.035246,8.776325,4.952219
13.560955,9.406838,5.073898
12.082898,9.361635,4.910195
13.073709,8.92136,4.963416
12.334195,9.636475,4.901776
11.888858,8.824029,5.672457
12.804218,8.877005,5.007911
12.185392,8.410631,5.672647
12.514845,9.308982,5.034741
14.160795,9.329446,5.327537
13.046944,8.412718,4.95004
11.512718,9.240698,5.672997
12.313319,8.93095,5.035929
12.582867,8.901772,5.673518
12.850028,9.168327,5.019613
12.777024,7.414551,5.165618
12.636567,8.86887,5.673673
12.772936,8.743667,5.673739
13.067213,8.513479,4.939047
12.691631,8.732962,5.674489
12.122639,8.427291,4.8885
12.64039,9.192672,4.964005
11.949457,8.145502,4.989722
13.375321,8.383886,5.21984
12.92543,9.311094,4.953629
12.381001,7.676362,5.16159
12.984595,9.309905,4.953311
12.497272,9.560861,5.676069
12.682823,7.981441,4.950058
12.746334,9.4726,5.033461
13.044866,9.298433,5.319792
12.954467,9.159675,4.94738
12.621277,9.245206,5.677369
13.084499,8.99744,5.300629
12.676234,9.087607,5.67762
12.822111,9.2601,5.218031
12.730985,9.094022,5.201675
12.332214,9.267361,4.930931
12.974661,8.875951,5.006167
11.208513,9.483017,5.677949
10.632812,9.13513,5.678079
12.819887,9.371939,5.280778
13.100423,8.305265,5.678111
13.705735,10.378871,5.312418
12.555845,9.206867,5.184474
12.345643,10.021327,5.145226
13.361157,10.306595,5.277039
14.048725,7.916829,5.678458
12.663327,8.237255,5.048882
11.20623,8.524042,5.679302
13.396858,9.155754,5.679447
11.841819,8.165342,5.000125
13.909545,10.051893,5.236059
12.497293,9.194904,5.680132
12.018064,9.316469,5.680321
12.042851,8.586109,5.051517
12.135508,9.003392,4.932974
12.843047,9.437947,5.084899
12.142542,7.98289,5.681598
14.880389,10.039184,5.153429
12.250393,9.298829,5.015576
12.002631,8.381991,4.92893
13.729808,10.086832,5.174272
12.254564,8.480781,5.682089
12.474837,9.322052,5.02537
12.087389,7.836888,5.682327
12.957518,8.760756,4.941967
13.31035,9.373432,5.050625
12.721084,9.269623,4.931177
12.010789,8.223482,5.683216
13.071894,8.29685,5.08553
12.036098,8.661697,5.684523
13.482222,8.593134,5.127124
12.432337,9.130399,5.687465
13.20011,8.829278,5.119696
13.125703,9.271731,5.688781
13.027983,9.660432,5.195343
13.052053,9.800683,5.689806
12.98457,8.832996,5.68982
12.822887,9.167186,5.689838
12.737004,9.639894,5.689895
12.754119,9.189523,5.690029
13.26074,8.985476,5.283999
13.959096,8.13328,5.118094
12.73621,9.313417,5.694414
13.473983,10.243726,5.694654
13.502063,8.73767,5.694812
