ACL v0.4,UE 4.15 @ 0.01cm,UE 4.15 @ 0.1cm,UE 4.15 @ 1.0cm
0.000025,0.000025,0.017054,0.017054
0.000025,0.000025,0.017054,0.017054
0.000071,0.000068,0.011204,0.011204
0.000180,0.000184,0.017774,0.017774
0.000185,0.000323,0.019242,0.019242
0.009233,0.000090,0.018180,0.018180
0.010207,0.008364,0.020042,0.020042
0.010207,0.008364,0.020042,0.020042
0.008775,0.013255,0.017308,0.017308
0.009633,0.013197,0.015412,0.015412
0.009633,0.013197,0.015412,0.015412
0.008773,0.000183,0.020335,0.020335
0.008773,0.000183,0.020335,0.020335
0.009040,0.000307,0.015491,0.015491
0.009040,0.000399,0.019495,0.019495
0.009493,0.000399,0.019495,0.019495
0.009951,0.003655,0.023547,0.023547
0.009951,0.003655,0.023547,0.023547
0.009732,0.000724,0.021629,0.021629
0.009732,0.000724,0.021629,0.021629
0.008572,0.000558,0.017458,0.017458
0.008572,0.000558,0.017458,0.017458
0.009107,0.000759,0.019272,0.019272
0.009928,0.000759,0.019272,0.019272
0.009928,0.012355,0.023260,0.023260
0.009371,0.000200,0.019501,0.019501
0.008913,0.000151,0.015895,0.015895
0.009011,0.000152,0.026365,0.026365
0.009871,0.000174,0.027663,0.027663
0.009886,0.000174,0.027973,0.027973
0.010005,0.000393,0.028174,0.028174
0.010082,0.000668,0.028589,0.028589
0.010751,0.009648,0.029781,0.029781
0.008999,0.000186,0.025774,0.025774
0.010175,0.000242,0.028919,0.028919
0.007906,0.001032,0.020443,0.020443
0.008317,0.001032,0.020443,0.020443
0.008510,0.000145,0.020804,0.020804
0.008995,0.000162,0.021852,0.021852
0.009485,0.000167,0.022390,0.022390
0.009635,0.000223,0.022390,0.022390
0.009635,0.000281,0.024712,0.024712
0.009710,0.000288,0.027220,0.027220
0.009824,0.000303,0.027836,0.027836
0.009938,0.012198,0.028408,0.028408
0.009961,0.012577,0.029018,0.029018
0.009961,0.012577,0.030679,0.030679
0.009318,0.000154,0.020845,0.020845
0.009318,0.000160,0.020845,0.020845
0.009746,0.000451,0.023923,0.023923
0.009945,0.000451,0.028060,0.028060
0.010821,0.000572,0.029810,0.029810
0.011013,0.000981,0.032773,0.032773
0.009455,0.000255,0.018719,0.018719
0.009852,0.000269,0.021826,0.021826
0.009909,0.000857,0.024958,0.024958
0.009950,0.002743,0.027109,0.027109
0.009964,0.012191,0.029940,0.029940
0.008498,0.000163,0.015934,0.015934
0.009459,0.000171,0.017123,0.017123
0.009521,0.000264,0.017123,0.017123
0.009548,0.000264,0.021688,0.021688
0.009548,0.000602,0.026556,0.026556
0.009977,0.006914,0.026556,0.026556
0.009977,0.006914,0.030183,0.030183
0.009983,0.012257,0.032394,0.032394
0.009929,0.000204,0.021295,0.021295
0.010051,0.000259,0.021437,0.021437
0.010137,0.000319,0.021915,0.021915
0.011556,0.001134,0.026252,0.026252
0.009690,0.000155,0.021602,0.021602
0.009845,0.000169,0.022570,0.022570
0.009940,0.000175,0.025243,0.025243
0.010178,0.000205,0.026226,0.026226
0.010311,0.000215,0.026475,0.026475
0.010813,0.000242,0.027464,0.027464
0.010816,0.000306,0.028111,0.028111
0.010854,0.000307,0.030999,0.030999
0.012644,0.006548,0.046680,0.046680
0.009765,0.000153,0.016901,0.016901
0.009766,0.000153,0.021417,0.021417
0.009766,0.000172,0.023118,0.023118
0.009860,0.000199,0.023118,0.023118
0.009885,0.000206,0.023348,0.023348
0.009885,0.001149,0.025345,0.025345
0.009964,0.007430,0.027555,0.027555
0.010091,0.009265,0.027555,0.027555
0.010281,0.009283,0.027812,0.027812
0.012402,0.012842,0.028221,0.028221
0.012557,0.012842,0.035701,0.035701
0.008936,0.000157,0.016956,0.016956
0.009052,0.000198,0.016956,0.016956
0.009052,0.000198,0.019116,0.019116
0.009478,0.000227,0.019133,0.019133
0.009950,0.000346,0.019133,0.019133
0.009969,0.000346,0.020270,0.020270
0.009969,0.000483,0.020390,0.020390
0.010016,0.000939,0.020520,0.020520
0.010016,0.000939,0.022901,0.022901
0.010118,0.005864,0.024853,0.024853
0.010366,0.005864,0.024853,0.024853
0.010650,0.006283,0.029127,0.029127
0.010663,0.008991,0.030855,0.030855
0.010675,0.009562,0.033480,0.033480
0.010694,0.011468,0.034214,0.034214
0.010694,0.013846,0.034214,0.034214
0.012808,0.014071,0.061044,0.061044
0.009790,0.000152,0.018528,0.018528
0.009909,0.000152,0.018528,0.018528
0.009956,0.000232,0.019875,0.019875
0.009956,0.000450,0.023044,0.023044
0.010088,0.001357,0.023183,0.023183
0.010088,0.001357,0.024727,0.024727
0.010378,0.009581,0.027260,0.027260
0.010446,0.013519,0.027260,0.027260
0.010446,0.013519,0.034959,0.034959
0.012597,0.013819,0.038943,0.038943
0.012757,0.013878,0.038943,0.038943
0.009427,0.000131,0.021222,0.021222
0.009833,0.000254,0.022859,0.022859
0.009880,0.000349,0.024043,0.024043
0.010000,0.000773,0.024408,0.024408
0.010019,0.006534,0.026508,0.026508
0.010147,0.011153,0.028866,0.028866
0.010277,0.012899,0.035012,0.035012
0.009989,0.000175,0.021939,0.021939
0.010335,0.011962,0.026612,0.026612
0.009962,0.000350,0.022432,0.022432
0.009970,0.000971,0.026521,0.026521
0.012297,0.013680,0.043188,0.043188
0.009715,0.000197,0.017635,0.017635
0.009715,0.000279,0.018584,0.018584
0.009797,0.000292,0.018584,0.018584
0.009843,0.001185,0.020042,0.020042
0.009843,0.001185,0.020042,0.020042
0.009962,0.002676,0.021212,0.021212
0.009962,0.002676,0.021212,0.021212
0.010140,0.009682,0.022854,0.022854
0.010234,0.009682,0.035212,0.035212
0.011303,0.013538,0.047515,0.047515
0.009948,0.000243,0.031017,0.031017
0.010423,0.000371,0.033880,0.033880
0.011153,0.001047,0.035926,0.035926
0.011272,0.006788,0.036786,0.036786
0.009661,0.000221,0.017348,0.017348
0.009762,0.000267,0.018433,0.018433
0.009797,0.000271,0.019766,0.019766
0.009823,0.007671,0.021777,0.021777
0.009830,0.010801,0.021890,0.021890
0.009941,0.012881,0.027068,0.027068
0.010606,0.013729,0.027650,0.027650
0.013490,0.013981,0.028718,0.028718
0.009255,0.000305,0.016745,0.016745
0.009593,0.000430,0.016745,0.016745
0.009593,0.000430,0.017844,0.017844
0.009641,0.004021,0.018016,0.018016
0.009641,0.008431,0.018016,0.018016
0.009908,0.009504,0.018476,0.018476
0.009959,0.012306,0.018633,0.018633
0.009961,0.012848,0.022085,0.022085
0.009966,0.012848,0.025981,0.025981
0.010225,0.013172,0.026200,0.026200
0.010630,0.013909,0.028913,0.028913
0.012748,0.014257,0.030677,0.030677
0.009796,0.006636,0.025022,0.025022
0.009816,0.000164,0.027687,0.027687
0.009816,0.000322,0.038011,0.038011
0.009921,0.013015,0.038011,0.038011
0.033966,0.013015,0.041990,0.041990
0.009118,0.000546,0.021526,0.021526
0.010711,0.008867,0.024711,0.024711
0.009456,0.000315,0.018449,0.018449
0.009696,0.000315,0.018449,0.018449
0.009814,0.000421,0.020146,0.020146
0.009814,0.000421,0.020146,0.020146
0.009832,0.007981,0.020398,0.020398
0.009832,0.007981,0.020398,0.020398
0.009926,0.008017,0.020479,0.020479
0.009933,0.008017,0.020732,0.020732
0.009933,0.009777,0.021280,0.021280
0.009962,0.010779,0.021280,0.021280
0.009962,0.010883,0.021442,0.021442
0.009963,0.012735,0.021723,0.021723
0.009994,0.012886,0.021723,0.021723
0.009998,0.012953,0.022790,0.022790
0.010105,0.012953,0.022790,0.022790
0.010105,0.013145,0.025532,0.025532
0.010171,0.013385,0.025919,0.025919
0.010171,0.013385,0.026552,0.026552
0.010519,0.013423,0.027241,0.027241
0.010590,0.013754,0.078440,0.078440
0.009573,0.010101,0.020900,0.020900
0.009621,0.010101,0.021096,0.021096
0.009709,0.012097,0.021896,0.021896
0.009821,0.013033,0.021896,0.021896
0.009828,0.013320,0.022402,0.022402
0.010409,0.013368,0.023121,0.023121
0.010409,0.013777,0.024261,0.024261
0.010990,0.014010,0.026499,0.026499
0.009071,0.000324,0.018172,0.018172
0.009306,0.000324,0.020427,0.020427
0.009932,0.006333,0.020427,0.020427
0.009980,0.008368,0.024423,0.024423
0.009980,0.011627,0.025335,0.025335
0.009986,0.013166,0.028881,0.028881
0.010182,0.013200,0.030341,0.030341
0.011231,0.013491,0.041011,0.041011
0.009809,0.008076,0.019970,0.019970
0.009902,0.011055,0.022107,0.022107
0.010541,0.013001,0.025109,0.025109
0.013091,0.013852,0.025596,0.025596
0.009476,0.000267,0.018995,0.018995
0.009591,0.000839,0.018995,0.018995
0.009900,0.009029,0.020277,0.020277
0.009931,0.012022,0.021188,0.021188
0.009971,0.012156,0.021509,0.021509
0.009982,0.012590,0.022205,0.022205
0.009992,0.013047,0.023128,0.023128
0.009999,0.013096,0.024028,0.024028
0.010240,0.013718,0.025770,0.025770
0.010713,0.013718,0.027193,0.027193
0.010832,0.013768,0.028196,0.028196
0.010832,0.013773,0.029049,0.029049
0.009822,0.000183,0.017883,0.017883
0.009822,0.011268,0.017883,0.017883
0.009909,0.011645,0.020392,0.020392
0.010006,0.012588,0.021099,0.021099
0.010023,0.012659,0.023608,0.023608
0.010199,0.014228,0.025872,0.025872
0.010635,0.014228,0.026486,0.026486
0.009780,0.002593,0.020338,0.020338
0.009925,0.002593,0.020338,0.020338
0.009925,0.010575,0.024078,0.024078
0.009976,0.012770,0.024078,0.024078
0.009976,0.012770,0.026934,0.026934
0.010406,0.013852,0.027595,0.027595
0.010695,0.014447,0.043692,0.043692
0.010041,0.001214,0.028995,0.028995
0.010080,0.012764,0.029585,0.029585
0.010080,0.012764,0.029585,0.029585
0.010624,0.012984,0.035120,0.035120
0.009673,0.000975,0.023228,0.023228
0.009962,0.012489,0.025189,0.025189
0.010274,0.012854,0.025718,0.025718
0.010636,0.013166,0.025858,0.025858
0.010866,0.013653,0.030135,0.030135
0.009807,0.002964,0.016888,0.016888
0.009938,0.003613,0.020390,0.020390
0.009974,0.008628,0.020390,0.020390
0.009990,0.011017,0.020581,0.020581
0.009997,0.012071,0.021735,0.021735
0.010057,0.013155,0.023745,0.023745
0.010143,0.013155,0.024009,0.024009
0.010143,0.013291,0.026808,0.026808
0.010543,0.013428,0.029866,0.029866
0.009937,0.007337,0.021349,0.021349
0.009996,0.009277,0.021349,0.021349
0.010437,0.009277,0.025543,0.025543
0.010437,0.013006,0.026376,0.026376
0.012394,0.014102,0.026895,0.026895
0.009588,0.008571,0.025783,0.025783
0.009737,0.010302,0.027004,0.027004
0.009893,0.012938,0.027085,0.027085
0.010419,0.013291,0.027945,0.027945
0.009682,0.008509,0.021504,0.021504
0.010043,0.013023,0.026571,0.026571
0.010129,0.013250,0.026715,0.026715
0.010569,0.013531,0.030585,0.030585
0.009758,0.000858,0.020493,0.020493
0.009767,0.010128,0.022183,0.022183
0.009794,0.013341,0.022413,0.022413
0.009966,0.013457,0.024972,0.024972
0.010074,0.013645,0.026234,0.026234
0.011997,0.013812,0.027071,0.027071
0.009280,0.010236,0.020069,0.020069
0.009895,0.010837,0.020069,0.020069
0.009895,0.011607,0.020411,0.020411
0.009954,0.011607,0.020411,0.020411
0.009954,0.013307,0.020442,0.020442
0.009992,0.013478,0.020442,0.020442
0.010076,0.013601,0.022276,0.022276
0.010398,0.013641,0.025856,0.025856
0.010669,0.013641,0.026469,0.026469
0.010669,0.013653,0.027652,0.027652
0.010677,0.013757,0.027865,0.027865
0.011488,0.013766,0.028535,0.028535
0.011669,0.014144,0.032165,0.032165
0.011995,0.014144,0.033199,0.033199
0.009704,0.000142,0.019599,0.019599
0.009704,0.007794,0.019599,0.019599
0.009764,0.007794,0.020590,0.020590
0.009764,0.011873,0.020630,0.020630
0.009893,0.011999,0.020960,0.020960
0.009900,0.012619,0.021187,0.021187
0.009913,0.012733,0.021604,0.021604
0.009916,0.013212,0.021940,0.021940
0.009927,0.013214,0.021940,0.021940
0.010233,0.013451,0.021978,0.021978
0.010314,0.013751,0.022345,0.022345
0.011145,0.013751,0.022584,0.022584
0.011163,0.013940,0.025418,0.025418
0.011769,0.014086,0.029315,0.029315
0.012148,0.014086,0.052135,0.052135
0.012148,0.014346,0.052135,0.052135
0.009586,0.006725,0.024981,0.024981
0.009721,0.013261,0.025902,0.025902
0.009874,0.013266,0.027991,0.027991
0.010347,0.013291,0.035374,0.035374
0.009677,0.005172,0.020526,0.020526
0.009883,0.005172,0.020526,0.020526
0.009883,0.011278,0.021027,0.021027
0.009915,0.011278,0.021303,0.021303
0.009915,0.011670,0.021303,0.021303
0.009918,0.012480,0.021349,0.021349
0.009918,0.012931,0.021349,0.021349
0.009975,0.013377,0.025656,0.025656
0.010223,0.013377,0.027880,0.027880
0.010759,0.013602,0.029741,0.029741
0.010759,0.013602,0.029741,0.029741
0.021216,0.013929,0.037683,0.037683
0.010371,0.011021,0.019304,0.019304
0.010418,0.012068,0.019304,0.019304
0.010552,0.014151,0.022359,0.022359
0.010552,0.014151,0.023610,0.023610
0.010851,0.014156,0.034351,0.034351
0.009835,0.013573,0.019312,0.019312
0.009861,0.013580,0.021321,0.021321
0.009879,0.013627,0.021329,0.021329
0.009929,0.013638,0.022401,0.022401
0.009957,0.013664,0.022505,0.022505
0.009957,0.013709,0.022505,0.022505
0.010515,0.013795,0.025324,0.025324
0.010515,0.013795,0.025626,0.025626
0.010573,0.013999,0.025626,0.025626
0.010573,0.013999,0.026094,0.026094
0.010935,0.014059,0.028484,0.028484
0.011108,0.014059,0.028484,0.028484
0.012005,0.014246,0.031806,0.031806
0.009835,0.000350,0.019851,0.019851
0.010276,0.012142,0.021019,0.021019
0.010276,0.012770,0.021019,0.021019
0.010391,0.012947,0.021377,0.021377
0.010697,0.012947,0.027653,0.027653
0.011224,0.013338,0.035402,0.035402
0.011649,0.014157,0.035698,0.035698
0.009632,0.001156,0.019019,0.019019
0.009632,0.003198,0.019019,0.019019
0.009878,0.003198,0.020314,0.020314
0.010204,0.011491,0.020733,0.020733
0.010824,0.012262,0.020733,0.020733
0.011245,0.013394,0.021836,0.021836
0.011650,0.013394,0.023062,0.023062
0.011650,0.013912,0.029946,0.029946
0.009790,0.006852,0.019200,0.019200
0.009999,0.012855,0.020012,0.020012
0.009999,0.012955,0.020012,0.020012
0.010182,0.012955,0.021544,0.021544
0.010469,0.013974,0.024770,0.024770
0.011281,0.014106,0.024770,0.024770
0.011281,0.014106,0.025611,0.025611
0.012596,0.014460,0.033743,0.033743
0.009539,0.021708,0.019700,0.019700
0.009690,0.012431,0.020556,0.020556
0.009892,0.012632,0.022102,0.022102
0.009922,0.013511,0.024183,0.024183
0.009970,0.013608,0.025078,0.025078
0.010013,0.013627,0.028414,0.028414
0.010020,0.013827,0.029364,0.029364
0.010109,0.013896,0.030518,0.030518
0.021703,0.013896,0.044608,0.044608
0.009870,0.011907,0.019793,0.019793
0.009946,0.010920,0.019793,0.019793
0.010033,0.012693,0.020569,0.020569
0.011249,0.012736,0.022761,0.022761
0.011348,0.013630,0.023303,0.023303
0.011401,0.013877,0.026752,0.026752
0.011401,0.014038,0.027542,0.027542
0.018307,0.014038,0.030663,0.030663
0.009965,0.008938,0.021923,0.021923
0.009965,0.011500,0.021923,0.021923
0.010029,0.012726,0.022136,0.022136
0.010203,0.013537,0.023129,0.023129
0.010260,0.013537,0.025152,0.025152
0.010547,0.013666,0.026976,0.026976
0.011430,0.013879,0.030743,0.030743
0.011625,0.014126,0.034538,0.034538
0.012215,0.014288,0.034848,0.034848
0.009869,0.010647,0.018163,0.018163
0.009956,0.012849,0.018163,0.018163
0.009969,0.012849,0.019098,0.019098
0.010056,0.013071,0.023402,0.023402
0.010193,0.013495,0.023750,0.023750
0.010257,0.013590,0.024427,0.024427
0.010567,0.013590,0.025883,0.025883
0.010567,0.014009,0.027803,0.027803
0.011852,0.014063,0.030097,0.030097
0.012281,0.014082,0.033403,0.033403
0.023253,0.014327,0.059380,0.059380
0.009796,0.013377,0.019687,0.019687
0.009888,0.013377,0.019927,0.019927
0.009997,0.013396,0.019927,0.019927
0.010342,0.013511,0.021832,0.021832
0.010342,0.013570,0.021832,0.021832
0.010501,0.013881,0.024175,0.024175
0.010530,0.013884,0.024200,0.024200
0.010530,0.013899,0.025517,0.025517
0.010619,0.013899,0.025517,0.025517
0.011320,0.013918,0.027464,0.027464
0.011320,0.013918,0.027464,0.027464
0.011379,0.014044,0.028286,0.028286
0.011688,0.014044,0.029281,0.029281
0.011688,0.014152,0.035460,0.035460
0.009531,0.006781,0.020659,0.020659
0.009983,0.010412,0.020659,0.020659
0.009983,0.011297,0.021775,0.021775
0.009996,0.012808,0.022017,0.022017
0.010173,0.012902,0.022524,0.022524
0.010184,0.012902,0.024257,0.024257
0.010184,0.013457,0.025003,0.025003
0.010200,0.013768,0.026134,0.026134
0.010535,0.013768,0.029905,0.029905
0.010685,0.014013,0.036302,0.036302
0.010685,0.014013,0.040790,0.040790
0.011154,0.014020,0.040790,0.040790
0.011993,0.014046,0.049764,0.049764
0.013302,0.014363,0.049764,0.049764
0.009922,0.010199,0.021260,0.021260
0.009922,0.010906,0.021513,0.021513
0.010730,0.013525,0.025109,0.025109
0.010810,0.013525,0.026919,0.026919
0.010881,0.013682,0.027857,0.027857
0.011682,0.013752,0.027857,0.027857
0.011754,0.013838,0.042956,0.042956
0.012281,0.014590,0.067038,0.067038
0.009723,0.010323,0.023000,0.023000
0.009854,0.011116,0.023398,0.023398
0.009898,0.011378,0.023790,0.023790
0.009978,0.013116,0.025575,0.025575
0.010020,0.013233,0.025781,0.025781
0.010075,0.013641,0.026390,0.026390
0.010401,0.013641,0.026390,0.026390
0.010983,0.013656,0.027253,0.027253
0.011271,0.013701,0.028498,0.028498
0.011271,0.013755,0.037389,0.037389
0.011474,0.014080,0.011378,0.084982
0.009900,0.008540,0.020985,0.020985
0.009965,0.019795,0.022033,0.022033
0.009978,0.009285,0.022733,0.022733
0.010250,0.011671,0.023002,0.023002
0.010256,0.012124,0.026329,0.026329
0.010472,0.013577,0.026534,0.026534
0.014980,0.013641,0.032316,0.032316
0.035673,0.013705,0.059706,0.059706
0.009725,0.019111,0.019176,0.019176
0.009858,0.012932,0.019857,0.019857
0.009858,0.013081,0.019900,0.019900
0.009990,0.013258,0.020122,0.020122
0.009993,0.013258,0.021119,0.021119
0.010189,0.013438,0.021622,0.021622
0.010294,0.013438,0.025376,0.025376
0.010345,0.013458,0.025902,0.025902
0.010345,0.013685,0.025902,0.025902
0.011068,0.013719,0.028023,0.028023
0.011620,0.013721,0.028023,0.028023
0.019096,0.014830,0.041041,0.041041
0.009865,0.009232,0.020205,0.020205
0.009996,0.011812,0.021352,0.021352
0.010020,0.012748,0.021913,0.021913
0.010397,0.012942,0.023439,0.023439
0.011286,0.012942,0.025347,0.025347
0.011349,0.013336,0.026626,0.026626
0.011349,0.013391,0.029665,0.029665
0.011401,0.013833,0.029665,0.029665
0.012114,0.014504,0.031516,0.031516
0.009877,0.007434,0.020154,0.020154
0.009877,0.008538,0.020154,0.020154
0.009891,0.011944,0.020798,0.020798
0.010034,0.011944,0.021902,0.021902
0.010341,0.012028,0.021927,0.021927
0.010381,0.012951,0.023706,0.023706
0.010513,0.013002,0.024208,0.024208
0.010630,0.013002,0.024450,0.024450
0.011386,0.013266,0.024733,0.024733
0.011386,0.013368,0.025552,0.025552
0.011404,0.013530,0.025552,0.025552
0.011566,0.013609,0.025866,0.025866
0.011646,0.013625,0.026889,0.026889
0.012044,0.013817,0.027174,0.027174
0.014168,0.013999,0.028109,0.028109
0.028631,0.014410,0.030506,0.030506
0.009765,0.011769,0.018893,0.018893
0.009985,0.011769,0.018893,0.018893
0.009985,0.012392,0.020372,0.020372
0.010244,0.013318,0.020603,0.020603
0.010377,0.013383,0.022192,0.022192
0.010377,0.013730,0.022629,0.022629
0.010613,0.013730,0.022629,0.022629
0.011087,0.013800,0.025114,0.025114
0.011087,0.013878,0.026343,0.026343
0.011626,0.013932,0.029292,0.029292
0.011675,0.013932,0.029292,0.029292
0.025863,0.014170,0.034275,0.034275
0.009957,0.011907,0.020220,0.020220
0.009958,0.012006,0.021277,0.021277
0.009980,0.012177,0.022023,0.022023
0.010084,0.013016,0.022466,0.022466
0.010372,0.013195,0.023376,0.023376
0.010429,0.013454,0.023662,0.023662
0.010429,0.013454,0.023662,0.023662
0.011022,0.013578,0.023926,0.023926
0.011044,0.013701,0.024455,0.024455
0.011044,0.013701,0.025208,0.025208
0.011413,0.013798,0.025615,0.025615
0.011476,0.013843,0.027006,0.027006
0.011489,0.014043,0.027223,0.027223
0.011554,0.014288,0.060980,0.060980
0.012152,0.014308,0.060980,0.060980
0.009734,0.009104,0.019546,0.019546
0.010166,0.009104,0.021590,0.021590
0.010291,0.014343,0.021709,0.021709
0.010556,0.011372,0.021709,0.021709
0.010773,0.011548,0.022137,0.022137
0.011602,0.012528,0.022602,0.022602
0.012071,0.013465,0.024049,0.024049
0.012497,0.013674,0.025966,0.025966
0.012497,0.013776,0.026015,0.026015
0.014344,0.013856,0.027346,0.027346
0.014765,0.014485,0.034732,0.034732
0.010370,0.017455,0.018936,0.018936
0.010370,0.012567,0.021904,0.021904
0.010404,0.012769,0.023424,0.023424
0.010493,0.013447,0.023495,0.023495
0.010677,0.013685,0.025576,0.025576
0.010829,0.013745,0.027372,0.027372
0.010950,0.013794,0.027654,0.027654
0.011369,0.013957,0.027654,0.027654
0.011912,0.013957,0.035642,0.035642
0.017451,0.014012,0.037451,0.037451
0.009927,0.009729,0.019768,0.019768
0.010000,0.012758,0.019791,0.019791
0.010045,0.013088,0.022008,0.022008
0.010356,0.013114,0.022081,0.022081
0.010614,0.013423,0.022266,0.022266
0.010758,0.013733,0.024329,0.024329
0.011270,0.013819,0.026060,0.026060
0.011270,0.013835,0.027081,0.027081
0.011493,0.013911,0.027941,0.027941
0.011499,0.014068,0.031390,0.031390
0.012502,0.014227,0.031390,0.031390
0.012912,0.014227,0.049821,0.049821
0.009958,0.012069,0.020215,0.020215
0.009961,0.012865,0.020412,0.020412
0.010042,0.012895,0.020540,0.020540
0.010049,0.013028,0.020613,0.020613
0.010054,0.013209,0.020622,0.020622
0.010143,0.013219,0.021916,0.021916
0.010308,0.013372,0.023055,0.023055
0.010541,0.013398,0.024158,0.024158
0.010791,0.013620,0.025292,0.025292
0.010919,0.013645,0.025292,0.025292
0.010933,0.014204,0.025941,0.025941
0.011065,0.014251,0.026454,0.026454
0.011065,0.014251,0.027411,0.027411
0.011135,0.014278,0.032263,0.032263
0.009673,0.007035,0.019492,0.019492
0.010052,0.011252,0.019839,0.019839
0.010196,0.012807,0.021117,0.021117
0.011095,0.013104,0.021598,0.021598
0.011176,0.013218,0.022575,0.022575
0.011262,0.013396,0.022825,0.022825
0.011449,0.013873,0.030217,0.030217
0.012185,0.013909,0.031258,0.031258
0.012835,0.014217,0.037825,0.037825
0.009422,0.009853,0.020570,0.020570
0.009942,0.012970,0.020962,0.020962
0.009946,0.013059,0.020995,0.020995
0.009946,0.013867,0.022132,0.022132
0.010213,0.013867,0.024828,0.024828
0.010213,0.013876,0.024828,0.024828
0.010367,0.013918,0.024837,0.024837
0.010710,0.013973,0.024837,0.024837
0.011053,0.013973,0.025438,0.025438
0.011068,0.014024,0.026045,0.026045
0.011131,0.014076,0.027979,0.027979
0.011223,0.014204,0.027979,0.027979
0.012204,0.014304,0.028884,0.028884
0.012204,0.014360,0.029448,0.029448
0.012240,0.014474,0.029933,0.029933
0.013038,0.014474,0.031649,0.031649
0.009942,0.013164,0.020738,0.020738
0.009973,0.013165,0.022658,0.022658
0.009973,0.013165,0.023707,0.023707
0.010229,0.013583,0.023707,0.023707
0.010561,0.013755,0.024002,0.024002
0.010561,0.013755,0.025339,0.025339
0.010599,0.013819,0.026510,0.026510
0.011057,0.013848,0.028540,0.028540
0.011197,0.013883,0.029119,0.029119
0.011542,0.013921,0.029119,0.029119
0.011634,0.013921,0.029764,0.029764
0.012680,0.014023,0.029764,0.029764
0.012680,0.014791,0.039704,0.039704
0.009848,0.000194,0.020231,0.020231
0.009980,0.000194,0.022718,0.022718
0.009980,0.013418,0.022718,0.022718
0.010026,0.013658,0.024314,0.024314
0.010304,0.013658,0.027505,0.027505
0.010566,0.013699,0.027505,0.027505
0.010855,0.013718,0.028439,0.028439
0.010855,0.013766,0.028439,0.028439
0.011058,0.013766,0.028978,0.028978
0.011202,0.013811,0.028978,0.028978
0.011202,0.013842,0.029316,0.029316
0.011205,0.013842,0.034128,0.034128
0.011205,0.014035,0.039616,0.039616
0.009870,0.008246,0.019826,0.019826
0.010878,0.013280,0.023134,0.023134
0.011117,0.013298,0.023889,0.023889
0.011117,0.013298,0.024084,0.024084
0.011606,0.013576,0.025239,0.025239
0.011606,0.013788,0.028110,0.028110
0.011711,0.013788,0.028110,0.028110
0.013101,0.013888,0.031504,0.031504
0.036503,0.014128,0.031504,0.031504
0.009746,0.009494,0.019673,0.019673
0.010832,0.013351,0.021531,0.021531
0.010832,0.013874,0.022315,0.022315
0.011049,0.013874,0.022315,0.022315
0.011049,0.014016,0.026030,0.026030
0.011379,0.014076,0.033856,0.033856
0.012239,0.014076,0.033856,0.033856
0.009757,0.004947,0.017484,0.017484
0.009830,0.020634,0.020368,0.020368
0.009882,0.011928,0.021959,0.021959
0.010099,0.012255,0.022871,0.022871
0.010452,0.013315,0.022871,0.022871
0.010470,0.013315,0.023294,0.023294
0.010517,0.013441,0.024440,0.024440
0.010517,0.013807,0.025512,0.025512
0.011385,0.013807,0.025512,0.025512
0.011385,0.013876,0.026345,0.026345
0.011944,0.013972,0.027777,0.027777
0.009907,0.009967,0.019755,0.019755
0.009907,0.013090,0.021831,0.021831
0.009927,0.013090,0.023232,0.023232
0.010067,0.013391,0.023305,0.023305
0.010133,0.013409,0.024229,0.024229
0.010133,0.013464,0.024229,0.024229
0.010167,0.013464,0.024828,0.024828
0.010583,0.013628,0.024828,0.024828
0.010763,0.013673,0.025669,0.025669
0.011120,0.014055,0.026055,0.026055
0.011120,0.014151,0.026205,0.026205
0.011662,0.014151,0.028678,0.028678
0.011704,0.014163,0.028678,0.028678
0.011704,0.014163,0.030741,0.030741
0.012236,0.014172,0.030741,0.030741
0.012387,0.014172,0.031087,0.031087
0.012387,0.014478,0.031087,0.031087
0.012772,0.014478,0.034796,0.034796
0.012772,0.014679,0.034796,0.034796
0.009823,0.012294,0.019943,0.019943
0.010063,0.013264,0.019943,0.019943
0.010510,0.013287,0.020082,0.020082
0.010510,0.013287,0.020562,0.020562
0.010947,0.013404,0.020952,0.020952
0.010947,0.013651,0.025422,0.025422
0.011065,0.013651,0.028775,0.028775
0.011831,0.013925,0.028775,0.028775
0.012206,0.013935,0.028916,0.028916
0.012471,0.014137,0.043881,0.043881
0.009866,0.010628,0.020201,0.020201
0.010074,0.013480,0.020688,0.020688
0.010236,0.013533,0.021415,0.021415
0.010236,0.013803,0.023461,0.023461
0.010801,0.013803,0.023461,0.023461
0.011319,0.013856,0.024333,0.024333
0.011927,0.013878,0.025301,0.025301
0.012308,0.013894,0.037539,0.037539
0.009921,0.013255,0.021229,0.021229
0.009938,0.013255,0.022732,0.022732
0.009938,0.013326,0.022732,0.022732
0.009993,0.013352,0.023724,0.023724
0.010272,0.013499,0.027639,0.027639
0.010828,0.013641,0.028274,0.028274
0.010844,0.013838,0.032275,0.032275
0.010844,0.013838,0.032275,0.032275
0.011530,0.014043,0.035834,0.035834
0.009816,0.009365,0.020987,0.020987
0.010245,0.013391,0.024589,0.024589
0.010245,0.013722,0.028214,0.028214
0.010327,0.013722,0.028214,0.028214
0.010327,0.014486,0.028228,0.028228
0.011644,0.014486,0.028228,0.028228
0.009971,0.009696,0.023130,0.023130
0.009997,0.009696,0.024186,0.024186
0.010148,0.000161,0.025576,0.025576
0.010148,0.011966,0.025576,0.025576
0.010186,0.013394,0.027023,0.027023
0.010186,0.013394,0.027023,0.027023
0.010545,0.013695,0.027150,0.027150
0.010545,0.014168,0.027150,0.027150
0.011148,0.014168,0.027984,0.027984
0.011148,0.014478,0.027984,0.027984
0.012861,0.014478,0.028110,0.028110
0.059217,0.021822,0.033115,0.033115
0.059217,0.021822,0.033115,0.033115
0.009930,0.013900,0.020454,0.020454
0.010294,0.013971,0.020887,0.020887
0.010332,0.013972,0.023273,0.023273
0.011489,0.013987,0.024525,0.024525
0.011626,0.013987,0.024525,0.024525
0.011626,0.014089,0.024763,0.024763
0.011707,0.014151,0.024851,0.024851
0.012261,0.014229,0.027623,0.027623
0.012689,0.014242,0.032299,0.032299
0.013084,0.014288,0.070324,0.070324
0.009916,0.013342,0.021398,0.021398
0.009964,0.013398,0.021614,0.021614
0.009964,0.013617,0.021864,0.021864
0.010210,0.013635,0.022944,0.022944
0.010210,0.013635,0.022972,0.022972
0.010287,0.013862,0.022972,0.022972
0.010306,0.013862,0.023021,0.023021
0.010410,0.013909,0.023026,0.023026
0.010576,0.013920,0.023026,0.023026
0.010672,0.013920,0.023058,0.023058
0.010672,0.014043,0.023137,0.023137
0.010807,0.014043,0.023137,0.023137
0.010807,0.014071,0.025251,0.025251
0.011177,0.014209,0.026130,0.026130
0.011533,0.014325,0.026130,0.026130
0.011533,0.014325,0.027862,0.027862
0.012353,0.014626,0.027862,0.027862
0.018782,0.014903,0.031716,0.031716
0.018782,0.014903,0.031716,0.031716
0.010643,0.012668,0.020415,0.020415
0.010643,0.012668,0.020415,0.020415
0.010768,0.013624,0.021362,0.021362
0.010768,0.013641,0.021362,0.021362
0.010784,0.013641,0.023723,0.023723
0.010784,0.013874,0.023723,0.023723
0.010953,0.013874,0.025815,0.025815
0.010953,0.013993,0.026042,0.026042
0.011033,0.013993,0.026042,0.026042
0.011033,0.014065,0.026477,0.026477
0.011191,0.014065,0.026477,0.026477
0.011191,0.014240,0.027030,0.027030
0.011347,0.014240,0.027030,0.027030
0.011347,0.014404,0.027770,0.027770
0.011454,0.014404,0.027770,0.027770
0.011454,0.014409,0.028329,0.028329
0.014127,0.014409,0.028329,0.028329
0.009855,0.000684,0.017656,0.017656
0.009855,0.011736,0.020257,0.020257
0.009948,0.013623,0.022236,0.022236
0.010651,0.013657,0.022236,0.022236
0.011019,0.013902,0.024225,0.024225
0.011019,0.014204,0.026073,0.026073
0.011152,0.014204,0.030287,0.030287
0.011163,0.014422,0.031609,0.031609
0.011316,0.014422,0.037688,0.037688
0.011404,0.014498,0.059518,0.059518
0.011728,0.014675,0.059518,0.059518
0.009850,0.002828,0.018824,0.018824
0.009962,0.004535,0.021391,0.021391
0.009981,0.012366,0.021391,0.021391
0.010186,0.012771,0.022046,0.022046
0.010302,0.013561,0.023161,0.023161
0.010314,0.013628,0.023191,0.023191
0.010314,0.013701,0.024325,0.024325
0.010760,0.013786,0.024891,0.024891
0.010797,0.013980,0.025579,0.025579
0.010823,0.013980,0.025579,0.025579
0.011114,0.013991,0.026321,0.026321
0.011712,0.014023,0.027660,0.027660
0.012733,0.014035,0.027724,0.027724
0.012816,0.014035,0.031255,0.031255
0.014693,0.014037,0.034242,0.034242
0.014693,0.014540,0.036164,0.036164
0.009762,0.009385,0.018737,0.018737
0.010301,0.013056,0.022523,0.022523
0.010301,0.013056,0.022593,0.022593
0.010407,0.013533,0.025330,0.025330
0.010407,0.013596,0.025393,0.025393
0.010464,0.013598,0.025393,0.025393
0.010764,0.013745,0.025749,0.025749
0.010791,0.013822,0.025749,0.025749
0.010898,0.013822,0.026571,0.026571
0.010898,0.014025,0.026571,0.026571
0.011155,0.014025,0.026824,0.026824
0.011257,0.014071,0.027802,0.027802
0.011257,0.014071,0.027998,0.027998
0.011483,0.014184,0.027998,0.027998
0.011483,0.014184,0.029867,0.029867
0.012496,0.014207,0.029867,0.029867
0.012636,0.014207,0.033006,0.033006
0.012636,0.014288,0.033006,0.033006
0.009926,0.013542,0.021968,0.021968
0.009926,0.013542,0.026764,0.026764
0.010259,0.013840,0.026986,0.026986
0.010548,0.013909,0.026986,0.026986
0.010548,0.013909,0.027227,0.027227
0.010741,0.014151,0.027227,0.027227
0.010741,0.014184,0.028835,0.028835
0.010750,0.014184,0.028835,0.028835
0.011123,0.014184,0.032405,0.032405
0.011123,0.014228,0.034156,0.034156
0.011332,0.014363,0.051354,0.051354
0.011996,0.014363,0.051354,0.051354
0.009880,0.013441,0.023063,0.023063
0.010341,0.013508,0.023774,0.023774
0.010735,0.013704,0.023774,0.023774
0.011602,0.013704,0.027597,0.027597
0.011602,0.013841,0.027904,0.027904
0.012326,0.014035,0.027904,0.027904
0.012326,0.014035,0.028654,0.028654
0.009606,0.012173,0.017838,0.017838
0.009606,0.013361,0.019961,0.019961
0.009999,0.013474,0.020204,0.020204
0.009999,0.013719,0.022198,0.022198
0.010336,0.013753,0.022241,0.022241
0.010356,0.013874,0.025128,0.025128
0.010743,0.013963,0.025128,0.025128
0.010846,0.013963,0.028189,0.028189
0.011346,0.014024,0.028753,0.028753
0.012869,0.014042,0.044126,0.044126
0.014292,0.014042,0.044126,0.044126
0.009857,0.013116,0.020307,0.020307
0.009857,0.013133,0.020385,0.020385
0.009898,0.013389,0.020689,0.020689
0.009938,0.013435,0.020995,0.020995
0.010039,0.013435,0.022069,0.022069
0.010368,0.013582,0.022287,0.022287
0.010494,0.013768,0.024048,0.024048
0.010497,0.013792,0.024845,0.024845
0.010497,0.013796,0.025583,0.025583
0.010583,0.013858,0.025583,0.025583
0.010618,0.013977,0.026388,0.026388
0.010799,0.013998,0.026827,0.026827
0.011860,0.014154,0.026827,0.026827
0.012019,0.014475,0.027486,0.027486
0.012034,0.014475,0.035849,0.035849
0.009817,0.029638,0.021952,0.021952
0.009817,0.029638,0.022889,0.022889
0.009857,0.012197,0.023463,0.023463
0.010336,0.012197,0.023463,0.023463
0.010420,0.012671,0.024306,0.024306
0.010420,0.013419,0.029054,0.029054
0.010953,0.013696,0.030504,0.030504
0.011129,0.013789,0.030504,0.030504
0.011821,0.013940,0.033631,0.033631
0.009825,0.010796,0.018868,0.018868
0.010354,0.010796,0.018868,0.018868
0.010354,0.013207,0.019518,0.019518
0.010669,0.013782,0.025584,0.025584
0.012330,0.013782,0.025584,0.025584
0.012330,0.013932,0.055028,0.055028
0.009961,0.011181,0.020360,0.020360
0.010298,0.013483,0.020681,0.020681
0.010298,0.013701,0.020681,0.020681
0.010317,0.014150,0.021056,0.021056
0.010334,0.014150,0.022732,0.022732
0.010503,0.014154,0.025064,0.025064
0.010659,0.014157,0.025287,0.025287
0.011035,0.014283,0.026146,0.026146
0.011388,0.014353,0.027746,0.027746
0.011388,0.014408,0.036092,0.036092
0.012303,0.014408,0.036092,0.036092
0.009909,0.008405,0.019455,0.019455
0.009909,0.008405,0.019455,0.019455
0.010058,0.013206,0.019776,0.019776
0.010114,0.013503,0.020089,0.020089
0.010114,0.013634,0.027085,0.027085
0.011646,0.014042,0.028346,0.028346
0.012049,0.014042,0.028346,0.028346
0.012186,0.014088,0.034850,0.034850
0.012574,0.014252,0.034850,0.034850
0.012574,0.014252,0.075564,0.075564
0.009946,0.008917,0.021068,0.021068
0.010187,0.012086,0.021068,0.021068
0.010187,0.013738,0.021654,0.021654
0.011604,0.013738,0.023839,0.023839
0.011604,0.014390,0.039716,0.039716
0.013497,0.014390,0.039716,0.039716
0.010359,0.010950,0.018459,0.018459
0.010376,0.013717,0.024127,0.024127
0.010383,0.013753,0.032765,0.032765
0.010770,0.013989,0.038339,0.038339
0.010195,0.012717,0.020665,0.020665
0.010195,0.012717,0.020665,0.020665
0.010594,0.012938,0.020798,0.020798
0.010768,0.012938,0.020798,0.020798
0.010768,0.013721,0.022923,0.022923
0.010970,0.013721,0.023810,0.023810
0.010970,0.013772,0.026760,0.026760
0.011297,0.013915,0.026760,0.026760
0.011297,0.013915,0.028363,0.028363
0.011491,0.013940,0.031330,0.031330
0.011637,0.013940,0.031404,0.031404
0.012042,0.014201,0.031404,0.031404
0.012042,0.014426,0.068505,0.068505
0.012258,0.014426,0.068505,0.068505
0.010109,0.013524,0.021136,0.021136
0.010418,0.013637,0.023488,0.023488
0.010518,0.013663,0.024136,0.024136
0.010677,0.013759,0.025263,0.025263
0.011005,0.014120,0.027217,0.027217
0.011811,0.014198,0.033528,0.033528
0.009906,0.013502,0.021780,0.021780
0.010152,0.014058,0.022450,0.022450
0.011596,0.014091,0.023368,0.023368
0.011986,0.014156,0.023637,0.023637
0.012052,0.014198,0.024400,0.024400
0.012975,0.014198,0.024400,0.024400
0.012975,0.014284,0.034247,0.034247
0.009955,0.013348,0.021098,0.021098
0.011312,0.013757,0.022593,0.022593
0.011752,0.013906,0.022593,0.022593
0.011752,0.013906,0.024753,0.024753
0.011923,0.013956,0.024937,0.024937
0.011923,0.014111,0.027575,0.027575
0.012029,0.014232,0.027575,0.027575
0.013058,0.014232,0.060565,0.060565
0.010694,0.013633,0.026807,0.026807
0.010824,0.013640,0.029828,0.029828
0.011356,0.013988,0.034148,0.034148
0.011356,0.014413,0.034148,0.034148
0.012718,0.014413,0.048257,0.048257
0.010308,0.013481,0.020773,0.020773
0.010308,0.013481,0.021981,0.021981
0.010594,0.013656,0.021981,0.021981
0.010594,0.013656,0.023340,0.023340
0.011882,0.013765,0.024086,0.024086
0.012512,0.013774,0.037229,0.037229
0.022973,0.013864,0.037229,0.037229
0.010111,0.013954,0.023016,0.023016
0.010111,0.013954,0.023349,0.023349
0.010731,0.013980,0.023349,0.023349
0.009921,0.012415,0.018944,0.018944
0.010114,0.012415,0.018944,0.018944
0.010825,0.013371,0.020612,0.020612
0.010825,0.013734,0.022104,0.022104
0.011190,0.013942,0.024316,0.024316
0.011190,0.014237,0.028166,0.028166
0.011785,0.014237,0.028166,0.028166
0.011889,0.020918,0.061738,0.061738
0.009986,0.013095,0.020276,0.020276
0.010185,0.013869,0.020798,0.020798
0.010185,0.013921,0.029631,0.029631
0.010441,0.013921,0.040710,0.040710
0.012235,0.014321,0.040710,0.040710
0.009874,0.013652,0.023548,0.023548
0.009874,0.013652,0.023548,0.023548
0.010624,0.013973,0.032936,0.032936
0.010624,0.013973,0.032936,0.032936
0.034340,0.014163,0.041382,0.041382
0.034340,0.014163,0.041382,0.041382
0.009970,0.013506,0.020234,0.020234
0.009992,0.013537,0.020727,0.020727
0.009992,0.013819,0.021609,0.021609
0.009992,0.013819,0.024365,0.024365
0.010066,0.013819,0.030902,0.030902
0.010371,0.013959,0.030902,0.030902
0.012802,0.013972,0.030902,0.030902
0.013692,0.014078,0.036273,0.036273
0.009998,0.013769,0.024034,0.024034
0.010290,0.013977,0.024649,0.024649
0.010986,0.014028,0.026869,0.026869
0.011435,0.014028,0.029758,0.029758
0.011435,0.014252,0.029758,0.029758
0.009975,0.013348,0.022413,0.022413
0.010522,0.014001,0.023686,0.023686
0.010534,0.014111,0.025349,0.025349
0.010761,0.014135,0.025841,0.025841
0.011266,0.014400,0.027869,0.027869
0.009990,0.012887,0.020583,0.020583
0.009995,0.013371,0.021315,0.021315
0.010487,0.013497,0.022107,0.022107
0.010706,0.013763,0.025715,0.025715
0.011432,0.013773,0.026264,0.026264
0.011631,0.013893,0.026925,0.026925
0.012428,0.013901,0.029051,0.029051
0.010516,0.013670,0.019662,0.019662
0.011104,0.013889,0.024957,0.024957
0.011222,0.014127,0.026456,0.026456
0.010076,0.001001,0.020235,0.020235
0.010123,0.012629,0.020235,0.020235
0.010123,0.013581,0.020850,0.020850
0.010483,0.013661,0.020850,0.020850
0.010601,0.013661,0.022416,0.022416
0.010697,0.013846,0.022704,0.022704
0.010700,0.013853,0.022955,0.022955
0.010715,0.013869,0.023378,0.023378
0.010765,0.013926,0.023864,0.023864
0.010765,0.014008,0.023864,0.023864
0.011115,0.014008,0.024474,0.024474
0.011216,0.014216,0.025679,0.025679
0.011361,0.014754,0.025777,0.025777
0.011361,0.014754,0.027074,0.027074
0.010311,0.012727,0.020706,0.020706
0.010622,0.013522,0.020805,0.020805
0.010622,0.013522,0.021554,0.021554
0.010895,0.013596,0.021989,0.021989
0.010977,0.013753,0.023235,0.023235
0.011690,0.013939,0.023406,0.023406
0.011962,0.014096,0.035087,0.035087
0.012286,0.014141,0.035087,0.035087
0.012286,0.014285,0.036220,0.036220
0.016867,0.014285,0.036220,0.036220
0.009612,0.013460,0.019142,0.019142
0.010329,0.013611,0.019142,0.019142
0.010329,0.013725,0.022094,0.022094
0.010331,0.013962,0.022360,0.022360
0.010355,0.014022,0.024004,0.024004
0.010355,0.014022,0.024129,0.024129
0.011484,0.014078,0.026220,0.026220
0.011712,0.014078,0.026220,0.026220
0.012631,0.014213,0.039291,0.039291
0.012631,0.014213,0.039291,0.039291
0.010326,0.030674,0.027492,0.027492
0.010326,0.014247,0.027492,0.027492
0.030662,0.014247,0.037102,0.037102
0.010008,0.013484,0.019927,0.019927
0.010008,0.013484,0.019927,0.019927
0.010366,0.013768,0.021824,0.021824
0.010366,0.013969,0.024452,0.024452
0.010728,0.013969,0.026491,0.026491
0.010755,0.014029,0.026491,0.026491
0.010755,0.014335,0.029236,0.029236
0.010755,0.014335,0.029418,0.029418
0.011235,0.014335,0.029418,0.029418
0.011235,0.014530,0.031686,0.031686
0.011362,0.014535,0.031686,0.031686
0.012775,0.014535,0.031686,0.031686
0.010780,0.010048,0.023467,0.023467
0.011761,0.013954,0.026261,0.026261
0.011761,0.013954,0.028256,0.028256
0.012243,0.014075,0.028256,0.028256
0.017897,0.014227,0.035147,0.035147
0.009926,0.013667,0.017760,0.017760
0.009926,0.013951,0.021370,0.021370
0.010477,0.014007,0.024894,0.024894
0.010654,0.014028,0.026620,0.026620
0.010740,0.014225,0.030311,0.030311
0.013209,0.014225,0.030311,0.030311
0.009969,0.012865,0.020353,0.020353
0.009969,0.013519,0.020353,0.020353
0.010147,0.013519,0.022174,0.022174
0.010474,0.013613,0.022174,0.022174
0.010572,0.013740,0.026747,0.026747
0.010572,0.013796,0.026820,0.026820
0.010643,0.014550,0.027841,0.027841
0.013173,0.014550,0.031878,0.031878
0.009991,0.002798,0.019780,0.019780
0.010221,0.013440,0.022440,0.022440
0.010572,0.013503,0.025802,0.025802
0.010968,0.013716,0.025802,0.025802
0.010968,0.013716,0.025954,0.025954
0.011403,0.013754,0.031013,0.031013
0.011403,0.013754,0.031013,0.031013
0.011783,0.014291,0.040112,0.040112
0.009843,0.003892,0.019207,0.019207
0.010728,0.013713,0.023201,0.023201
0.011013,0.013713,0.025175,0.025175
0.011013,0.014097,0.027341,0.027341
0.011538,0.014122,0.063218,0.063218
0.012084,0.014170,0.063218,0.063218
0.009989,0.028930,0.020961,0.020961
0.010374,0.013132,0.021632,0.021632
0.010580,0.013222,0.021692,0.021692
0.010789,0.013222,0.022138,0.022138
0.011053,0.013473,0.023350,0.023350
0.011343,0.013860,0.023574,0.023574
0.011343,0.013872,0.023949,0.023949
0.013178,0.013921,0.025382,0.025382
0.013392,0.013972,0.025382,0.025382
0.014793,0.014096,0.028930,0.028930
0.009960,0.011986,0.020485,0.020485
0.011079,0.013534,0.020578,0.020578
0.012209,0.013751,0.022450,0.022450
0.012485,0.013806,0.023838,0.023838
0.012696,0.013936,0.023985,0.023985
0.014250,0.013981,0.024934,0.024934
0.019862,0.014071,0.025035,0.025035
0.010170,0.013630,0.022017,0.022017
0.010507,0.013986,0.031365,0.031365
0.010507,0.013986,0.031365,0.031365
0.010507,0.013986,0.031365,0.031365
0.010125,0.013094,0.019369,0.019369
0.010125,0.013179,0.019369,0.019369
0.010573,0.013179,0.020441,0.020441
0.010646,0.013379,0.020653,0.020653
0.010778,0.013523,0.020653,0.020653
0.011379,0.013820,0.021402,0.021402
0.011379,0.013967,0.025346,0.025346
0.011564,0.014333,0.029167,0.029167
0.012139,0.014333,0.029541,0.029541
0.010130,0.010615,0.019100,0.019100
0.011171,0.000458,0.020478,0.020478
0.011344,0.000458,0.020478,0.020478
0.011344,0.011703,0.020697,0.020697
0.011502,0.012924,0.024834,0.024834
0.011983,0.013637,0.024834,0.024834
0.011983,0.014107,0.027146,0.027146
0.012487,0.014107,0.027469,0.027469
0.012487,0.014154,0.027762,0.027762
0.013018,0.014216,0.027762,0.027762
0.039794,0.014216,0.031618,0.031618
0.010484,0.013851,0.019094,0.019094
0.010484,0.013939,0.019094,0.019094
0.010552,0.013996,0.020700,0.020700
0.010746,0.014023,0.025652,0.025652
0.011044,0.014023,0.028530,0.028530
0.011460,0.014031,0.031539,0.031539
0.012762,0.014058,0.033421,0.033421
0.009945,0.014130,0.024881,0.024881
0.011723,0.014494,0.025686,0.025686
0.011730,0.010838,0.019230,0.019230
0.011730,0.013715,0.024764,0.024764
0.011961,0.013715,0.030568,0.030568
0.041931,0.013850,0.030568,0.030568
0.010477,0.026175,0.024324,0.024324
0.026171,0.013862,0.025864,0.025864
0.010799,0.013582,0.022277,0.022277
0.010867,0.013897,0.022384,0.022384
0.011050,0.013942,0.023010,0.023010
0.011081,0.014010,0.023290,0.023290
0.011086,0.014089,0.024228,0.024228
0.011996,0.014341,0.024835,0.024835
0.012582,0.014544,0.029340,0.029340
0.010576,0.013806,0.019681,0.019681
0.011127,0.014171,0.022039,0.022039
0.012507,0.014249,0.022251,0.022251
0.012953,0.014442,0.025218,0.025218
0.010606,0.014059,0.018257,0.018257
0.011368,0.014059,0.021487,0.021487
0.012937,0.014059,0.031957,0.031957
0.012937,0.014096,0.031957,0.031957
0.012937,0.014167,0.031957,0.031957
0.010228,0.000277,0.022879,0.022879
0.011306,0.013331,0.022879,0.022879
0.011306,0.013331,0.023303,0.023303
0.011746,0.013378,0.023973,0.023973
0.012890,0.014030,0.027085,0.027085
0.010608,0.013401,0.020065,0.020065
0.010608,0.013401,0.020143,0.020143
0.010968,0.013552,0.020143,0.020143
0.011289,0.013608,0.024111,0.024111
0.011427,0.013987,0.025554,0.025554
0.011644,0.014211,0.027517,0.027517
0.010170,0.005572,0.020753,0.020753
0.011542,0.013931,0.020753,0.020753
0.012347,0.014440,0.022868,0.022868
0.012347,0.014440,0.026272,0.026272
0.010357,0.020206,0.023640,0.023640
0.010569,0.013869,0.023939,0.023939
0.010992,0.013963,0.024509,0.024509
0.012048,0.014023,0.028851,0.028851
0.020210,0.014111,0.030225,0.030225
0.010248,0.004468,0.020121,0.020121
0.011176,0.013479,0.021223,0.021223
0.011202,0.013503,0.022592,0.022592
0.011430,0.013667,0.023495,0.023495
0.011430,0.013676,0.024823,0.024823
0.011847,0.013913,0.029077,0.029077
0.012752,0.013961,0.030659,0.030659
0.013844,0.013974,0.031533,0.031533
0.014848,0.013974,0.046221,0.046221
0.014991,0.014378,0.065830,0.065830
0.017579,0.014627,0.065830,0.065830
0.009874,0.003576,0.018871,0.018871
0.009874,0.029477,0.021688,0.021688
0.010371,0.013547,0.025924,0.025924
0.010371,0.013661,0.028846,0.028846
0.010395,0.013661,0.028846,0.028846
0.010644,0.013851,0.029896,0.029896
0.010812,0.013989,0.036579,0.036579
0.013233,0.014437,0.056169,0.056169
0.023173,0.014437,0.056169,0.056169
0.012040,0.014521,0.023288,0.023288
0.013183,0.013843,0.025449,0.025449
0.018805,0.014419,0.026760,0.026760
0.010227,0.013720,0.022483,0.022483
0.010249,0.013720,0.022483,0.022483
0.010249,0.013720,0.029771,0.029771
0.010249,0.013806,0.032027,0.032027
0.011048,0.013806,0.032027,0.032027
0.011048,0.013806,0.032027,0.032027
0.012533,0.013993,0.032269,0.032269
0.012533,0.014180,0.032269,0.032269
0.012533,0.014180,0.032269,0.032269
0.010441,0.013413,0.023208,0.023208
0.010906,0.013952,0.023432,0.023432
0.010986,0.013975,0.026620,0.026620
0.011114,0.014066,0.027537,0.027537
0.011668,0.014075,0.027738,0.027738
0.013752,0.014193,0.028508,0.028508
0.014295,0.014254,0.044025,0.044025
0.009971,0.012724,0.020888,0.020888
0.010298,0.012724,0.020888,0.020888
0.010400,0.013429,0.022202,0.022202
0.011515,0.014055,0.026779,0.026779
0.011515,0.014198,0.034783,0.034783
0.010118,0.013815,0.019430,0.019430
0.011060,0.013837,0.020238,0.020238
0.011066,0.013858,0.021189,0.021189
0.011472,0.014164,0.023789,0.023789
0.012045,0.014268,0.024492,0.024492
0.010541,0.013758,0.022465,0.022465
0.010720,0.013919,0.023432,0.023432
0.011735,0.014102,0.038758,0.038758
0.012380,0.014433,0.061439,0.061439
0.010523,0.014042,0.023321,0.023321
0.013065,0.014303,0.025307,0.025307
0.010122,0.012688,0.021932,0.021932
0.010122,0.013612,0.027734,0.027734
0.011086,0.013612,0.027734,0.027734
0.011393,0.014354,0.071625,0.071625
0.010197,0.013888,0.023790,0.023790
0.010334,0.013888,0.026375,0.026375
0.011462,0.013888,0.029137,0.029137
0.012094,0.013908,0.031692,0.031692
0.012371,0.013911,0.032380,0.032380
0.012802,0.014068,0.032380,0.032380
0.012802,0.014152,0.032380,0.032380
0.012802,0.014388,0.036649,0.036649
0.010275,0.012930,0.019319,0.019319
0.010275,0.013800,0.022128,0.022128
0.010598,0.013800,0.022674,0.022674
0.010598,0.013835,0.023666,0.023666
0.010598,0.013988,0.023666,0.023666
0.010736,0.013988,0.024313,0.024313
0.011111,0.013988,0.027354,0.027354
0.011293,0.014017,0.027354,0.027354
0.012129,0.014025,0.032122,0.032122
0.012129,0.014158,0.032122,0.032122
0.012586,0.014158,0.032122,0.032122
0.009933,0.013751,0.022917,0.022917
0.011493,0.014141,0.027226,0.027226
0.013313,0.014153,0.034881,0.034881
0.010147,0.013696,0.019772,0.019772
0.010490,0.013918,0.022021,0.022021
0.010501,0.014084,0.023414,0.023414
0.010689,0.014175,0.026970,0.026970
0.011140,0.014304,0.027236,0.027236
0.011510,0.014483,0.029141,0.029141
0.011195,0.013698,0.020862,0.020862
0.011195,0.013825,0.020862,0.020862
0.011195,0.013942,0.024477,0.024477
0.012228,0.013942,0.031010,0.031010
0.012519,0.013942,0.031066,0.031066
0.012519,0.014006,0.031066,0.031066
0.013237,0.014006,0.031066,0.031066
0.010379,0.010612,0.020234,0.020234
0.011190,0.013115,0.025831,0.025831
0.019824,0.014255,0.026370,0.026370
0.010979,0.013591,0.022194,0.022194
0.011454,0.013691,0.024241,0.024241
0.011301,0.013713,0.021309,0.021309
0.011365,0.013889,0.022258,0.022258
0.011432,0.014103,0.022510,0.022510
0.012528,0.014260,0.025523,0.025523
0.010368,0.013772,0.022484,0.022484
0.011194,0.014066,0.025105,0.025105
0.010183,0.013299,0.023886,0.023886
0.010332,0.013593,0.024533,0.024533
0.011646,0.013664,0.027857,0.027857
0.011884,0.014206,0.028551,0.028551
0.010085,0.013609,0.022780,0.022780
0.011013,0.013609,0.022780,0.022780
0.011233,0.013932,0.023573,0.023573
0.011529,0.013989,0.023648,0.023648
0.011529,0.014028,0.023925,0.023925
0.012016,0.014051,0.024471,0.024471
0.014560,0.014051,0.025268,0.025268
0.014560,0.014103,0.033945,0.033945
0.015010,0.014337,0.033945,0.033945
0.010490,0.002133,0.020967,0.020967
0.010916,0.012491,0.022250,0.022250
0.010916,0.012491,0.023856,0.023856
0.011585,0.013906,0.028500,0.028500
0.011585,0.013906,0.028500,0.028500
0.012823,0.013911,0.047694,0.047694
0.015816,0.014290,0.047694,0.047694
0.011172,0.012741,0.025742,0.025742
0.011663,0.013685,0.034571,0.034571
0.012454,0.013956,0.046684,0.046684
0.010477,0.015718,0.021017,0.021017
0.011182,0.013433,0.023753,0.023753
0.011554,0.013433,0.024903,0.024903
0.011580,0.013674,0.024903,0.024903
0.013414,0.013852,0.024994,0.024994
0.013414,0.014015,0.026717,0.026717
0.024996,0.014471,0.028184,0.028184
0.011298,0.012730,0.025815,0.025815
0.012595,0.013892,0.027749,0.027749
0.012792,0.013984,0.031935,0.031935
0.012792,0.013984,0.031935,0.031935
0.012792,0.013984,0.031935,0.031935
0.010840,0.013797,0.021190,0.021190
0.011001,0.013932,0.022214,0.022214
0.011221,0.013943,0.023357,0.023357
0.011379,0.014101,0.028175,0.028175
0.011462,0.014186,0.029743,0.029743
0.011632,0.014272,0.014101,0.071139
0.010095,0.012839,0.023186,0.023186
0.011895,0.013769,0.042966,0.042966
0.010681,0.005969,0.019882,0.019882
0.010856,0.014127,0.021236,0.021236
0.014911,0.014157,0.022850,0.022850
0.011496,0.006521,0.019183,0.019183
0.011671,0.013323,0.023636,0.023636
0.011702,0.013810,0.026342,0.026342
0.013660,0.013913,0.033154,0.033154
0.010830,0.013480,0.021404,0.021404
0.011006,0.013480,0.025689,0.025689
0.011257,0.014043,0.029031,0.029031
0.011257,0.014249,0.029031,0.029031
0.010420,0.013876,0.029165,0.029165
0.011297,0.013959,0.029720,0.029720
0.011297,0.014155,0.029720,0.029720
0.012425,0.014155,0.029986,0.029986
0.012425,0.014303,0.032535,0.032535
0.013636,0.014303,0.032535,0.032535
0.009923,0.013957,0.020374,0.020374
0.011414,0.014020,0.021408,0.021408
0.012028,0.014285,0.021408,0.021408
0.012028,0.014331,0.022353,0.022353
0.012484,0.014331,0.024994,0.024994
0.012334,0.013980,0.019513,0.019513
0.012955,0.014205,0.024702,0.024702
0.010189,0.014021,0.021165,0.021165
0.010542,0.014075,0.022306,0.022306
0.011044,0.014075,0.023035,0.023035
0.011044,0.014096,0.030547,0.030547
0.011825,0.014261,0.030547,0.030547
0.011825,0.014498,0.073405,0.073405
0.012565,0.014498,0.073405,0.073405
0.010909,0.013938,0.023876,0.023876
0.011893,0.013940,0.030948,0.030948
0.012181,0.014085,0.047012,0.047012
0.010762,0.020311,0.020287,0.020287
0.011527,0.020311,0.023149,0.023149
0.011527,0.013875,0.026305,0.026305
0.016650,0.014155,0.026305,0.026305
0.024178,0.014357,0.050363,0.050363
0.024178,0.014357,0.050363,0.050363
0.010680,0.013569,0.020823,0.020823
0.010816,0.013632,0.022323,0.022323
0.011690,0.013905,0.022978,0.022978
0.012108,0.013914,0.025105,0.025105
0.013821,0.014084,0.026973,0.026973
0.010245,0.013301,0.021079,0.021079
0.010256,0.013739,0.021215,0.021215
0.010362,0.013937,0.023986,0.023986
0.010969,0.013963,0.027616,0.027616
0.010969,0.014101,0.029330,0.029330
0.011125,0.014385,0.029603,0.029603
0.011629,0.014385,0.029603,0.029603
0.012338,0.014409,0.023432,0.023432
0.012338,0.014409,0.023432,0.023432
0.011076,0.009266,0.021831,0.021831
0.011868,0.009266,0.021831,0.021831
0.011868,0.013389,0.022261,0.022261
0.012653,0.014223,0.023175,0.023175
0.025536,0.014303,0.066935,0.066935
0.025536,0.014303,0.066935,0.066935
0.010249,0.012804,0.022073,0.022073
0.010436,0.013988,0.022125,0.022125
0.011452,0.014064,0.022222,0.022222
0.011452,0.014308,0.022222,0.022222
0.012798,0.014308,0.026267,0.026267
0.013529,0.014309,0.027930,0.027930
0.013529,0.014309,0.027930,0.027930
0.010730,0.013194,0.020949,0.020949
0.011178,0.013194,0.020949,0.020949
0.011980,0.013812,0.024109,0.024109
0.011980,0.013812,0.025396,0.025396
0.012603,0.013839,0.025396,0.025396
0.013043,0.013911,0.025846,0.025846
0.013043,0.014087,0.026203,0.026203
0.010999,0.013180,0.023862,0.023862
0.011830,0.013842,0.025306,0.025306
0.010357,0.013515,0.021238,0.021238
0.010905,0.013539,0.021362,0.021362
0.010905,0.013539,0.021362,0.021362
0.011074,0.013768,0.031999,0.031999
0.011074,0.013768,0.032609,0.032609
0.011094,0.013928,0.033004,0.033004
0.011904,0.014007,0.033004,0.033004
0.010587,0.013224,0.021389,0.021389
0.012768,0.014026,0.027161,0.027161
0.012920,0.014048,0.033611,0.033611
0.010456,0.013758,0.020243,0.020243
0.010644,0.013758,0.021478,0.021478
0.010644,0.013816,0.021478,0.021478
0.010745,0.013955,0.029576,0.029576
0.010745,0.014100,0.031100,0.031100
0.012114,0.014100,0.031100,0.031100
0.012444,0.014117,0.031262,0.031262
0.012444,0.014117,0.031262,0.031262
0.010531,0.013624,0.022956,0.022956
0.010952,0.013824,0.025130,0.025130
0.010283,0.012940,0.022169,0.022169
0.010283,0.012940,0.022169,0.022169
0.010040,0.013521,0.021025,0.021025
0.010736,0.013928,0.023015,0.023015
0.010882,0.014039,0.024853,0.024853
0.011508,0.014056,0.025102,0.025102
0.011911,0.014254,0.040499,0.040499
0.012874,0.014476,0.048072,0.048072
0.010408,0.019489,0.021207,0.021207
0.011557,0.013950,0.022260,0.022260
0.019490,0.014455,0.029956,0.029956
0.010268,0.013137,0.022434,0.022434
0.010306,0.013137,0.024042,0.024042
0.010306,0.014188,0.024042,0.024042
0.012607,0.014249,0.024169,0.024169
0.010843,0.013153,0.022269,0.022269
0.011063,0.013755,0.027328,0.027328
0.011082,0.013851,0.030173,0.030173
0.011082,0.013989,0.030369,0.030369
0.011576,0.014094,0.030369,0.030369
0.012782,0.014094,0.065646,0.065646
0.012188,0.013073,0.023188,0.023188
0.012188,0.013871,0.033658,0.033658
0.013279,0.013871,0.033658,0.033658
0.015920,0.025443,0.026515,0.026515
0.025444,0.014107,0.027014,0.027014
0.010926,0.008746,0.021603,0.021603
0.011447,0.013643,0.021792,0.021792
0.011447,0.013693,0.021792,0.021792
0.013430,0.013693,0.022534,0.022534
0.017573,0.014243,0.038100,0.038100
0.010156,0.011245,0.019751,0.019751
0.010156,0.017099,0.020734,0.020734
0.012993,0.013691,0.026039,0.026039
0.030672,0.013691,0.028411,0.028411
0.035402,0.014218,0.028411,0.028411
0.012661,0.014238,0.027805,0.027805
0.010327,0.013893,0.024994,0.024994
0.014940,0.014298,0.025469,0.025469
0.010560,0.013271,0.020034,0.020034
0.010899,0.013750,0.020629,0.020629
0.010899,0.013759,0.023183,0.023183
0.011386,0.013759,0.023295,0.023295
0.012035,0.013940,0.026038,0.026038
0.012134,0.014240,0.027535,0.027535
0.017513,0.014562,0.027535,0.027535
0.011358,0.013989,0.021662,0.021662
0.011459,0.014087,0.022038,0.022038
0.011817,0.014225,0.025168,0.025168
0.013756,0.014249,0.028508,0.028508
0.009948,0.013468,0.017865,0.017865
0.009948,0.013776,0.021099,0.021099
0.010283,0.014001,0.021099,0.021099
0.010466,0.014029,0.023685,0.023685
0.010521,0.014029,0.023923,0.023923
0.010913,0.014073,0.024306,0.024306
0.012156,0.014305,0.025435,0.025435
0.012222,0.014338,0.026867,0.026867
0.013014,0.014338,0.028760,0.028760
0.010329,0.012185,0.020838,0.020838
0.010833,0.012693,0.021888,0.021888
0.011099,0.013303,0.023025,0.023025
0.011467,0.013304,0.024907,0.024907
0.011509,0.013561,0.026653,0.026653
0.011832,0.014078,0.028966,0.028966
0.012249,0.014200,0.031112,0.031112
0.014848,0.014257,0.031886,0.031886
0.013077,0.015176,0.052427,0.052427
0.010182,0.013651,0.020979,0.020979
0.010407,0.014013,0.025246,0.025246
0.010433,0.014124,0.025883,0.025883
0.010623,0.014238,0.026961,0.026961
0.011215,0.014289,0.031617,0.031617
0.011231,0.014300,0.035702,0.035702
0.012073,0.014307,0.049223,0.049223
0.010601,0.013942,0.024740,0.024740
0.012283,0.014044,0.024747,0.024747
0.034089,0.026831,0.033518,0.033518
0.010046,0.031999,0.020448,0.020448
0.010537,0.014028,0.020698,0.020698
0.010757,0.014061,0.023177,0.023177
0.012265,0.014181,0.025944,0.025944
0.012724,0.014199,0.026945,0.026945
0.013547,0.014293,0.031999,0.031999
0.010839,0.014232,0.020278,0.020278
0.013335,0.014300,0.021164,0.021164
0.010556,0.021212,0.024331,0.024331
0.011514,0.021212,0.025718,0.025718
0.028551,0.013705,0.025718,0.025718
0.028551,0.014036,0.042245,0.042245
0.010943,0.015627,0.018324,0.018324
0.011071,0.013827,0.019760,0.019760
0.011441,0.014023,0.022659,0.022659
0.011893,0.014056,0.024279,0.024279
0.015628,0.014522,0.025219,0.025219
0.011745,0.013880,0.021950,0.021950
0.011999,0.013891,0.025526,0.025526
0.012353,0.014162,0.032627,0.032627
0.010714,0.013544,0.022523,0.022523
0.011310,0.013863,0.023163,0.023163
0.013391,0.014324,0.024521,0.024521
0.010769,0.013676,0.022097,0.022097
0.010770,0.013751,0.025854,0.025854
0.011270,0.013760,0.026909,0.026909
0.012001,0.013885,0.030876,0.030876
0.014542,0.014592,0.046874,0.046874
0.013957,0.014640,0.022219,0.022219
0.014663,0.053572,0.025089,0.025089
0.043822,0.014395,0.053572,0.053572
0.011539,0.013932,0.031004,0.031004
0.011885,0.007375,0.022939,0.022939
0.014606,0.014279,0.024311,0.024311
0.011041,0.013983,0.022006,0.022006
0.011074,0.013983,0.022006,0.022006
0.011471,0.014186,0.022677,0.022677
0.011471,0.014214,0.024751,0.024751
0.010434,0.011319,0.018864,0.018864
0.011452,0.011319,0.018864,0.018864
0.011568,0.013679,0.027322,0.027322
0.011568,0.013804,0.028418,0.028418
0.014125,0.014034,0.028726,0.028726
0.010673,0.013824,0.024173,0.024173
0.010673,0.013824,0.031747,0.031747
0.013496,0.014005,0.031747,0.031747
0.010960,0.006211,0.022891,0.022891
0.012403,0.013689,0.030463,0.030463
0.014313,0.014002,0.035707,0.035707
0.010736,0.014195,0.026785,0.026785
0.010736,0.014195,0.026785,0.026785
0.016146,0.014342,0.031241,0.031241
0.016146,0.014342,0.031241,0.031241
0.010953,0.003928,0.023054,0.023054
0.011320,0.003928,0.023054,0.023054
0.011445,0.033721,0.026025,0.026025
0.011897,0.013516,0.027233,0.027233
0.011897,0.013824,0.029331,0.029331
0.013534,0.014127,0.033525,0.033525
0.033725,0.014560,0.033620,0.033620
0.010194,0.013103,0.018477,0.018477
0.010591,0.013386,0.019904,0.019904
0.010652,0.013545,0.025032,0.025032
0.010732,0.013817,0.030584,0.030584
0.011254,0.013861,0.031856,0.031856
0.011569,0.014035,0.032139,0.032139
0.012647,0.014183,0.053277,0.053277
0.010324,0.013810,0.026323,0.026323
0.013219,0.014123,0.027137,0.027137
0.011736,0.013950,0.036801,0.036801
0.010798,0.014161,0.020650,0.020650
0.011385,0.014295,0.025363,0.025363
0.010234,0.013583,0.024459,0.024459
0.010234,0.013583,0.025858,0.025858
0.010334,0.013597,0.027217,0.027217
0.010578,0.013661,0.027217,0.027217
0.011639,0.013896,0.028795,0.028795
0.011717,0.013947,0.031245,0.031245
0.012029,0.014089,0.032046,0.032046
0.011356,0.013674,0.025921,0.025921
0.010201,0.024779,0.020098,0.020098
0.011039,0.014078,0.025235,0.025235
0.012495,0.014121,0.027886,0.027886
0.024763,0.014187,0.028235,0.028235
0.030691,0.015435,0.029110,0.029110
0.011334,0.012499,0.023886,0.023886
0.011541,0.013713,0.026447,0.026447
0.011724,0.014201,0.029827,0.029827
0.013247,0.014487,0.032536,0.032536
0.011397,0.014488,0.025684,0.025684
0.010520,0.014221,0.026484,0.026484
0.010499,0.011260,0.019951,0.019951
0.011016,0.013433,0.022117,0.022117
0.011425,0.013480,0.022463,0.022463
0.011788,0.013663,0.022809,0.022809
0.012062,0.013698,0.022983,0.022983
0.015841,0.014302,0.023088,0.023088
0.018017,0.014439,0.026045,0.026045
0.010191,0.013388,0.023171,0.023171
0.010635,0.014201,0.023934,0.023934
0.010740,0.014433,0.024215,0.024215
0.010499,0.013503,0.022000,0.022000
0.010765,0.013825,0.022159,0.022159
0.011123,0.013825,0.022159,0.022159
0.011598,0.013969,0.024877,0.024877
0.012627,0.014162,0.025700,0.025700
0.012627,0.014337,0.029581,0.029581
0.012955,0.014428,0.029851,0.029851
0.010202,0.013432,0.023202,0.023202
0.010202,0.013432,0.030339,0.030339
0.011210,0.013945,0.033122,0.033122
0.013187,0.014509,0.033122,0.033122
0.010788,0.013501,0.022651,0.022651
0.010896,0.013777,0.047223,0.047223
0.011019,0.013991,0.020722,0.029349
0.013525,0.014443,0.029349,0.068506
0.011235,0.012615,0.024647,0.024647
0.011374,0.001670,0.026346,0.026346
0.011687,0.012683,0.028301,0.028301
0.011998,0.014052,0.028377,0.028377
0.012013,0.014102,0.029538,0.029538
0.012616,0.014793,0.031468,0.031468
0.010541,0.016342,0.022824,0.022824
0.010735,0.013227,0.024359,0.024359
0.011131,0.013856,0.025539,0.025539
0.016339,0.014201,0.026743,0.026743
0.011057,0.006938,0.021251,0.021251
0.011057,0.013923,0.026947,0.026947
0.016856,0.013923,0.026947,0.026947
0.011289,0.014229,0.025239,0.025239
0.011897,0.014493,0.025471,0.025471
0.010504,0.014010,0.023017,0.023017
0.010504,0.014132,0.029471,0.029471
0.013396,0.014132,0.029471,0.029471
0.010035,0.017541,0.020149,0.020149
0.010395,0.012826,0.021876,0.021876
0.010864,0.013565,0.023354,0.023354
0.011114,0.013594,0.024468,0.024468
0.011141,0.013908,0.024989,0.024989
0.011548,0.013923,0.026400,0.026400
0.011627,0.014159,0.026433,0.026433
0.011834,0.014260,0.033701,0.033701
0.017540,0.014272,0.037041,0.037041
0.010800,0.013569,0.021446,0.021446
0.011787,0.013636,0.021735,0.021735
0.012078,0.013636,0.021735,0.021735
0.012444,0.014211,0.025097,0.025097
0.013052,0.014493,0.028382,0.028382
0.013052,0.014535,0.028725,0.028725
0.011817,0.013906,0.032032,0.032032
0.011668,0.013893,0.023257,0.023257
0.013004,0.013922,0.026222,0.026222
0.013065,0.014302,0.029368,0.029368
0.014006,0.014701,0.040171,0.040171
0.011969,0.014168,0.022064,0.022064
0.011657,0.013921,0.028024,0.028024
0.010164,0.013175,0.025564,0.025564
0.024554,0.014110,0.035933,0.035933
0.010500,0.002845,0.022365,0.022365
0.010500,0.013378,0.029798,0.029798
0.011237,0.013378,0.029798,0.029798
0.011237,0.014171,0.030739,0.030739
0.011442,0.014296,0.039376,0.039376
0.011549,0.014296,0.039376,0.039376
0.013255,0.014347,0.040607,0.040607
0.011002,0.014001,0.025710,0.025710
0.010628,0.008691,0.019944,0.019944
0.013320,0.013943,0.021091,0.021091
0.022851,0.013953,0.030213,0.030213
0.048617,0.014089,0.067418,0.067418
0.011321,0.014093,0.027401,0.027401
0.013181,0.014507,0.031593,0.031593
0.012314,0.009916,0.026633,0.026633
0.013562,0.013898,0.040256,0.040256
0.011065,0.001110,0.021277,0.021277
0.011771,0.002887,0.026597,0.026597
0.012882,0.014207,0.042215,0.042215
0.011523,0.016226,0.026358,0.026358
0.016215,0.014054,0.030377,0.030377
0.011354,0.012875,0.021409,0.021409
0.019130,0.012875,0.021409,0.021409
0.019130,0.014405,0.026472,0.026472
0.013384,0.014062,0.034165,0.034165
0.010369,0.014010,0.019606,0.019606
0.010408,0.014193,0.027398,0.027398
0.011507,0.013779,0.033406,0.033406
0.014098,0.014022,0.034894,0.034894
0.011291,0.013970,0.027489,0.027489
0.010783,0.013931,0.020921,0.020921
0.012423,0.013931,0.020921,0.020921
0.014399,0.013943,0.022316,0.022316
0.014399,0.014156,0.023575,0.023575
0.011753,0.013558,0.024453,0.024453
0.012129,0.014486,0.033903,0.033903
0.012129,0.014486,0.033903,0.033903
0.010890,0.013421,0.022711,0.022711
0.012076,0.013732,0.022795,0.022795
0.012966,0.013898,0.027291,0.027291
0.012966,0.013898,0.045835,0.045835
0.013589,0.014306,0.045835,0.045835
0.010875,0.031187,0.020850,0.020850
0.014605,0.013991,0.023087,0.023087
0.030913,0.014123,0.031522,0.031522
0.010144,0.014300,0.022643,0.022643
0.010796,0.013798,0.025817,0.025817
0.020738,0.013798,0.025817,0.025817
0.020738,0.014019,0.028770,0.028770
0.009985,0.013955,0.022938,0.022938
0.010594,0.014188,0.027655,0.027655
0.011891,0.014311,0.034669,0.034669
0.012147,0.014135,0.032502,0.032502
0.010852,0.014213,0.029512,0.029512
0.010621,0.013852,0.026050,0.026050
0.011171,0.014047,0.024711,0.024711
0.012435,0.014093,0.033155,0.033155
0.011516,0.035881,0.027381,0.027381
0.034224,0.035881,0.035881,0.035881
0.034224,0.014149,0.035881,0.035881
0.012771,0.013671,0.022755,0.022755
0.011180,0.006119,0.024641,0.024641
0.011180,0.013764,0.028893,0.028893
0.012891,0.013764,0.028893,0.028893
0.011722,0.014041,0.029157,0.029157
0.013710,0.014831,0.029966,0.029966
0.011252,0.013480,0.019963,0.019963
0.011513,0.013919,0.020374,0.020374
0.012029,0.014030,0.026989,0.026989
0.012626,0.014377,0.027290,0.027290
0.010450,0.013996,0.022529,0.022529
0.010780,0.014001,0.028241,0.028241
0.010715,0.014114,0.023440,0.023440
0.012247,0.014213,0.047736,0.047736
0.011204,0.013917,0.030653,0.030653
0.011254,0.013917,0.033549,0.033549
0.011726,0.013976,0.033549,0.033549
0.011726,0.014092,0.042861,0.042861
0.011290,0.013958,0.025614,0.025614
0.014486,0.014009,0.033183,0.033183
0.010775,0.010280,0.027254,0.027254
0.011239,0.014101,0.028435,0.028435
0.011800,0.014127,0.028619,0.028619
0.012631,0.014167,0.031728,0.031728
0.010925,0.013930,0.023085,0.023085
0.012343,0.014056,0.025295,0.025295
0.012607,0.014230,0.026230,0.026230
0.013929,0.014399,0.026260,0.026260
0.011732,0.019985,0.023163,0.023163
0.011985,0.012808,0.023538,0.023538
0.013580,0.013743,0.023720,0.023720
0.013580,0.014246,0.026764,0.026764
0.013580,0.014570,0.026764,0.026764
0.014212,0.014570,0.026764,0.026764
0.019978,0.014570,0.066092,0.066092
0.012018,0.013583,0.022199,0.022199
0.012963,0.013262,0.019711,0.019711
0.012963,0.013262,0.019711,0.019711
0.011606,0.013695,0.026505,0.026505
0.011816,0.014180,0.026915,0.026915
0.012263,0.013996,0.034832,0.034832
0.011828,0.013998,0.036457,0.036457
0.014131,0.014328,0.020049,0.020049
0.011771,0.014223,0.020269,0.020269
0.011780,0.014223,0.020269,0.020269
0.011780,0.014334,0.024072,0.024072
0.011281,0.013877,0.022458,0.022458
0.012292,0.014110,0.026269,0.026269
0.013563,0.014801,0.027064,0.027064
0.011014,0.014304,0.028174,0.028174
0.011633,0.014397,0.034862,0.034862
0.012872,0.013981,0.021369,0.021369
0.013038,0.014107,0.024175,0.024175
0.013195,0.014215,0.025450,0.025450
0.011099,0.013628,0.021838,0.021838
0.011382,0.013643,0.023108,0.023108
0.011720,0.013684,0.025458,0.025458
0.011750,0.013730,0.025879,0.025879
0.012602,0.013827,0.029709,0.029709
0.013875,0.013975,0.045365,0.045365
0.024733,0.014370,0.061936,0.061936
0.010230,0.013928,0.027803,0.027803
0.013830,0.014331,0.031501,0.031501
0.011464,0.012606,0.023498,0.023498
0.014291,0.013822,0.029938,0.029938
0.015849,0.014429,0.037021,0.037021
0.011336,0.013337,0.021026,0.021026
0.012510,0.013846,0.021026,0.021026
0.012510,0.013846,0.025908,0.025908
0.013821,0.014358,0.026374,0.026374
0.011344,0.014301,0.022539,0.022539
0.014196,0.003661,0.021896,0.021896
0.011435,0.014478,0.027833,0.027833
0.011435,0.014478,0.027833,0.027833
0.011435,0.014478,0.027833,0.027833
0.012820,0.025333,0.022139,0.022139
0.025345,0.013467,0.027826,0.027826
0.011027,0.003678,0.021738,0.021738
0.011086,0.012954,0.023132,0.023132
0.011744,0.014262,0.023178,0.023178
0.012456,0.014291,0.024159,0.024159
0.013251,0.013860,0.023110,0.023110
0.039416,0.023366,0.028651,0.028651
0.012253,0.014135,0.052831,0.052831
0.028465,0.004883,0.022958,0.022958
0.045646,0.014076,0.034755,0.034755
0.013079,0.014089,0.022096,0.022096
0.010821,0.013921,0.024243,0.024243
0.011137,0.022920,0.025907,0.025907
0.011474,0.014164,0.027900,0.027900
0.011474,0.014556,0.032518,0.032518
0.012112,0.014556,0.032518,0.032518
0.010705,0.013722,0.026765,0.026765
0.011025,0.014114,0.028423,0.028423
0.012459,0.014261,0.028732,0.028732
0.011357,0.013260,0.023735,0.023735
0.012320,0.013458,0.023797,0.023797
0.012276,0.013755,0.022814,0.022814
0.012276,0.013981,0.022814,0.022814
0.013203,0.013982,0.023466,0.023466
0.013829,0.013982,0.025833,0.025833
0.010879,0.014099,0.023000,0.023000
0.012265,0.014351,0.031993,0.031993
0.012424,0.006460,0.022141,0.022141
0.011027,0.003013,0.024100,0.024100
0.011933,0.014090,0.024165,0.024165
0.011051,0.014001,0.021601,0.021601
0.011631,0.014001,0.023847,0.023847
0.012068,0.014248,0.023847,0.023847
0.012068,0.014693,0.032538,0.032538
0.011401,0.000490,0.022556,0.022556
0.011961,0.010162,0.023243,0.023243
0.038999,0.013796,0.023458,0.023458
0.011165,0.013841,0.026433,0.026433
0.010153,0.014165,0.025027,0.025027
0.012625,0.014237,0.025946,0.025946
0.011580,0.013148,0.021098,0.021098
0.012693,0.013511,0.023900,0.023900
0.013151,0.013929,0.025334,0.025334
0.023548,0.013978,0.026869,0.026869
0.012355,0.014119,0.023194,0.023194
0.024162,0.002905,0.024318,0.024318
0.036605,0.008409,0.030123,0.030123
0.010797,0.014476,0.029349,0.029349
0.011129,0.013510,0.031499,0.031499
0.011129,0.013510,0.031499,0.031499
0.011194,0.013693,0.021729,0.021729
0.012330,0.014233,0.031217,0.031217
0.012330,0.014233,0.031217,0.031217
0.012330,0.014233,0.031217,0.031217
0.012950,0.014290,0.031467,0.031467
0.011265,0.013545,0.030661,0.030661
0.012630,0.014469,0.032814,0.032814
0.012630,0.014469,0.032814,0.032814
0.011286,0.014339,0.026127,0.026127
0.013638,0.013171,0.020167,0.020167
0.059011,0.013783,0.021786,0.021786
0.014255,0.013987,0.025252,0.025252
0.011299,0.014122,0.021085,0.021085
0.013100,0.014122,0.031387,0.031387
0.013100,0.014338,0.031387,0.031387
0.012541,0.014003,0.019924,0.019924
0.012541,0.014003,0.019924,0.019924
0.013077,0.014104,0.033979,0.033979
0.013077,0.014104,0.033979,0.033979
0.011658,0.013995,0.024680,0.024680
0.023566,0.022665,0.027936,0.027936
0.012046,0.014231,0.027291,0.027291
0.010604,0.013995,0.022313,0.022313
0.012435,0.014226,0.024224,0.024224
0.017892,0.014458,0.029603,0.029603
0.011519,0.004782,0.024164,0.024164
0.012189,0.012716,0.028939,0.028939
0.014787,0.014296,0.031624,0.031624
0.013361,0.013963,0.026702,0.026702
0.014848,0.013935,0.028939,0.028939
0.011166,0.013934,0.028253,0.028253
0.012238,0.013989,0.030928,0.030928
0.011028,0.008214,0.020665,0.020665
0.011523,0.014118,0.023256,0.023256
0.012054,0.014129,0.023682,0.023682
0.012931,0.014191,0.024292,0.024292
0.012079,0.014630,0.026131,0.026131
0.010136,0.007555,0.020579,0.020579
0.011274,0.013763,0.020725,0.020725
0.011491,0.014230,0.025739,0.025739
0.013698,0.014240,0.029123,0.029123
0.012581,0.014012,0.026650,0.026650
0.013276,0.014043,0.029073,0.029073
0.012504,0.014157,0.025232,0.025232
0.011228,0.013965,0.026393,0.026393
0.012270,0.014121,0.026648,0.026648
0.012745,0.014141,0.030905,0.030905
0.012745,0.014141,0.030905,0.030905
0.011008,0.014400,0.037455,0.037455
0.013072,0.013912,0.022902,0.022902
0.014412,0.014464,0.024705,0.024705
0.011293,0.003381,0.022559,0.022559
0.014714,0.014092,0.024183,0.024183
0.012518,0.013833,0.021956,0.021956
0.013302,0.014066,0.028356,0.028356
0.048142,0.020528,0.045021,0.045021
0.013882,0.014054,0.021966,0.021966
0.011607,0.013985,0.026332,0.026332
0.011860,0.014283,0.032848,0.032848
0.010684,0.013698,0.025126,0.025126
0.010770,0.014137,0.031769,0.031769
0.011441,0.013965,0.029138,0.029138
0.011539,0.014257,0.025307,0.025307
0.011009,0.004588,0.021718,0.021718
0.011657,0.008815,0.022753,0.022753
0.011857,0.025408,0.022940,0.022940
0.017419,0.014103,0.025061,0.025061
0.018584,0.014222,0.028614,0.028614
0.020598,0.014343,0.037637,0.037637
0.011151,0.014017,0.026801,0.026801
0.012658,0.014024,0.034925,0.034925
0.012658,0.014024,0.034925,0.034925
0.010955,0.014027,0.021095,0.021095
0.010957,0.014223,0.026139,0.026139
0.015342,0.014394,0.026655,0.026655
0.018631,0.014586,0.031777,0.031777
0.012890,0.010146,0.037382,0.037382
0.012890,0.010146,0.037382,0.037382
0.011723,0.013713,0.021439,0.021439
0.011723,0.014076,0.021878,0.021878
0.012143,0.014076,0.021878,0.021878
0.013089,0.014279,0.048189,0.048189
0.010369,0.013852,0.021211,0.021211
0.010369,0.013852,0.021558,0.021558
0.011680,0.013907,0.021558,0.021558
0.012452,0.013980,0.021948,0.021948
0.012452,0.013996,0.031094,0.031094
0.013385,0.013996,0.031094,0.031094
0.014142,0.014155,0.025218,0.025218
0.010839,0.014562,0.025737,0.025737
0.010485,0.008832,0.021209,0.021209
0.011659,0.013333,0.022316,0.022316
0.012029,0.014151,0.027321,0.027321
0.013217,0.014209,0.032299,0.032299
0.013508,0.010395,0.023741,0.023741
0.038245,0.023802,0.034834,0.034834
0.011895,0.017903,0.027497,0.027497
0.014627,0.014440,0.028406,0.028406
0.013019,0.013997,0.030506,0.030506
0.013493,0.011725,0.023486,0.023486
0.013654,0.013822,0.026026,0.026026
0.013654,0.013822,0.030117,0.030117
0.035509,0.014014,0.030117,0.030117
0.012791,0.014545,0.023758,0.023758
0.012442,0.014083,0.023905,0.023905
0.012242,0.014033,0.026725,0.026725
0.012821,0.014248,0.031766,0.031766
0.012821,0.014248,0.031766,0.031766
0.012726,0.014512,0.023408,0.023408
0.011935,0.014333,0.031905,0.031905
0.012071,0.002323,0.024114,0.024114
0.013508,0.014499,0.033412,0.033412
0.013508,0.014499,0.033412,0.033412
0.011771,0.013893,0.025461,0.025461
0.046186,0.018230,0.037164,0.037164
0.012702,0.014113,0.026465,0.026465
0.011489,0.014601,0.030772,0.030772
0.011489,0.014601,0.030772,0.030772
0.014249,0.014163,0.040641,0.040641
0.012573,0.014251,0.024410,0.024410
0.010953,0.003100,0.021726,0.021726
0.014916,0.004012,0.061900,0.061900
0.011580,0.011172,0.025069,0.025069
0.012950,0.017454,0.025440,0.025440
0.013681,0.014137,0.036537,0.036537
0.022417,0.014150,0.042178,0.042178
0.013275,0.014129,0.025960,0.025960
0.011942,0.014168,0.024178,0.024178
0.011816,0.014599,0.037327,0.037327
0.011709,0.014126,0.024987,0.024987
0.011117,0.000897,0.021562,0.021562
0.011392,0.004662,0.022879,0.022879
0.011514,0.008133,0.025461,0.025461
0.012169,0.014010,0.027042,0.027042
0.012464,0.014401,0.034093,0.034093
0.013338,0.014494,0.037848,0.037848
0.012105,0.014367,0.027638,0.027638
0.012015,0.014292,0.023250,0.023250
0.012065,0.013971,0.026444,0.026444
0.013302,0.014295,0.028891,0.028891
0.011786,0.013950,0.029559,0.029559
0.012085,0.013988,0.029585,0.029585
0.012730,0.014118,0.032899,0.032899
0.010985,0.013338,0.021304,0.021304
0.011557,0.014221,0.022852,0.022852
0.010969,0.014075,0.022168,0.022168
0.011045,0.014228,0.025487,0.025487
0.011198,0.014256,0.029743,0.029743
0.015207,0.014287,0.070058,0.070058
0.011547,0.014361,0.026129,0.026129
0.011835,0.008607,0.048455,0.048455
0.011400,0.013923,0.028067,0.028067
0.013652,0.014044,0.024106,0.024106
0.015389,0.014318,0.024840,0.024840
0.012121,0.013765,0.022320,0.022320
0.012766,0.013606,0.026809,0.026809
0.052919,0.013436,0.023752,0.023752
0.011436,0.013665,0.023060,0.023060
0.011720,0.013683,0.028594,0.028594
0.011992,0.013915,0.021839,0.021839
0.011738,0.021655,0.027323,0.027323
0.018502,0.014263,0.030873,0.030873
0.012243,0.014072,0.023626,0.023626
0.012740,0.014427,0.026220,0.026220
0.012628,0.014494,0.023727,0.023727
0.011341,0.013995,0.023920,0.023920
0.013581,0.014279,0.031546,0.031546
0.011695,0.014145,0.025937,0.025937
0.012367,0.014315,0.032579,0.032579
0.011064,0.013889,0.024636,0.024636
0.012975,0.014391,0.026942,0.026942
0.011513,0.014242,0.029226,0.029226
0.011140,0.014352,0.024370,0.024370
0.014090,0.014261,0.027178,0.027178
0.012546,0.014005,0.041035,0.041035
0.015492,0.013905,0.026075,0.026075
0.011699,0.014097,0.024404,0.024404
0.014886,0.014301,0.040954,0.040954
0.014886,0.014301,0.040954,0.040954
0.023986,0.007820,0.024375,0.024375
0.012841,0.002723,0.023448,0.023448
0.012841,0.002723,0.023448,0.023448
0.010936,0.014988,0.026656,0.026656
0.011774,0.009668,0.022147,0.022147
0.012525,0.012219,0.025927,0.025927
0.013685,0.014302,0.034425,0.034425
0.027870,0.014346,0.036469,0.036469
0.011889,0.013846,0.020136,0.020136
0.013241,0.013846,0.029496,0.029496
0.013241,0.014011,0.029496,0.029496
0.011956,0.014580,0.031479,0.031479
0.012982,0.014030,0.023278,0.023278
0.010885,0.013577,0.030143,0.030143
0.019249,0.019246,0.028309,0.028309
0.012237,0.013750,0.027558,0.027558
0.011276,0.012284,0.031459,0.031459
0.044241,0.014062,0.038266,0.038266
0.012631,0.010242,0.021634,0.021634
0.013003,0.014500,0.035351,0.035351
0.015113,0.015118,0.022525,0.022525
0.013481,0.014217,0.036070,0.036070
0.013726,0.012843,0.028570,0.028570
0.012031,0.012374,0.022536,0.022536
0.012031,0.019837,0.024189,0.024189
0.012366,0.014295,0.024795,0.024795
0.012648,0.014295,0.030681,0.030681
0.019826,0.014427,0.030681,0.030681
0.011298,0.014212,0.027133,0.027133
0.012935,0.013893,0.030517,0.030517
0.011703,0.014314,0.025157,0.025157
0.011925,0.013658,0.031586,0.031586
0.011925,0.013658,0.031586,0.031586
0.012610,0.014256,0.035634,0.035634
0.012610,0.014256,0.035634,0.035634
0.012719,0.014092,0.037197,0.037197
0.013238,0.014234,0.046762,0.046762
0.031921,0.010838,0.023065,0.023065
0.012720,0.013896,0.025055,0.025055
0.025926,0.025097,0.025886,0.025886
0.012270,0.014158,0.024208,0.024208
0.013470,0.014232,0.041758,0.041758
0.015674,0.015596,0.031483,0.031483
0.015674,0.015596,0.031483,0.031483
0.011772,0.013858,0.021452,0.021452
0.016390,0.014508,0.033119,0.033119
0.011124,0.013963,0.033128,0.033128
0.011724,0.014436,0.035423,0.035423
0.013440,0.014016,0.030657,0.030657
0.013440,0.014016,0.030657,0.030657
0.011679,0.013994,0.023878,0.023878
0.011679,0.013994,0.024422,0.024422
0.011981,0.014071,0.032335,0.032335
0.013130,0.014808,0.032335,0.032335
0.011476,0.011721,0.024513,0.024513
0.011936,0.013987,0.025919,0.025919
0.012629,0.014232,0.029155,0.029155
0.012377,0.014349,0.027161,0.027161
0.012253,0.013913,0.024661,0.024661
0.012844,0.013994,0.025095,0.025095
0.014391,0.014621,0.026559,0.026559
0.010720,0.014057,0.026749,0.026749
0.041684,0.041688,0.048631,0.048631
0.013542,0.014257,0.026525,0.026525
0.011361,0.014422,0.029430,0.029430
0.011361,0.014422,0.029430,0.029430
0.012226,0.014192,0.026551,0.026551
0.012212,0.014131,0.027703,0.027703
0.010562,0.014010,0.031799,0.031799
0.010562,0.014010,0.031799,0.031799
0.012192,0.013894,0.029105,0.029105
0.011162,0.013504,0.022966,0.022966
0.011162,0.013504,0.022966,0.022966
0.011922,0.014043,0.033619,0.033619
0.011922,0.014043,0.033619,0.033619
0.012445,0.013387,0.023859,0.023859
0.011383,0.012860,0.020410,0.020410
0.011383,0.014575,0.020410,0.020410
0.011934,0.014575,0.020895,0.020895
0.012318,0.014202,0.025974,0.025974
0.013642,0.014324,0.026694,0.026694
0.013770,0.014411,0.077021,0.077021
0.014288,0.014257,0.023557,0.023557
0.013858,0.016698,0.022630,0.022630
0.038120,0.014204,0.028225,0.028225
0.015116,0.010703,0.026333,0.026333
0.011880,0.014180,0.030883,0.030883
0.011880,0.014180,0.030883,0.030883
0.012080,0.014302,0.023937,0.023937
0.014065,0.014362,0.025146,0.025146
0.012179,0.013996,0.027167,0.027167
0.012179,0.013996,0.039069,0.039069
0.013469,0.014379,0.039069,0.039069
0.010803,0.014318,0.027450,0.027450
0.011229,0.014065,0.027929,0.027929
0.011194,0.014301,0.028782,0.028782
0.012096,0.014611,0.024077,0.024077
0.012974,0.014785,0.024934,0.024934
0.012006,0.013571,0.030824,0.030824
0.012435,0.014130,0.031512,0.031512
0.012435,0.014130,0.031512,0.031512
0.012801,0.014386,0.037221,0.037221
0.012801,0.014386,0.037221,0.037221
0.014557,0.014093,0.045744,0.045744
0.010997,0.014289,0.022764,0.022764
0.012317,0.014204,0.026384,0.026384
0.015223,0.014286,0.024862,0.024862
0.011711,0.013886,0.028889,0.028889
0.011711,0.013886,0.030493,0.030493
0.011841,0.014360,0.030493,0.030493
0.012211,0.014467,0.025417,0.025417
0.011141,0.013797,0.026067,0.026067
0.015163,0.010055,0.023398,0.023398
0.043718,0.040489,0.048383,0.048383
0.027414,0.010847,0.024502,0.024502
0.014415,0.014324,0.024375,0.024375
0.012975,0.014226,0.025240,0.025240
0.014621,0.014689,0.028331,0.028331
0.011001,0.014308,0.024326,0.024326
0.011469,0.007076,0.021369,0.021369
0.011469,0.014126,0.021369,0.021369
0.023252,0.014126,0.022060,0.022060
0.011396,0.013846,0.022881,0.022881
0.012079,0.014133,0.027837,0.027837
0.039304,0.040947,0.032052,0.032052
0.011528,0.004149,0.024869,0.024869
0.018591,0.004631,0.020168,0.020168
0.012445,0.013980,0.023193,0.023193
0.012479,0.014651,0.027739,0.027739
0.011636,0.014455,0.047077,0.047077
0.011148,0.013869,0.031820,0.031820
0.011148,0.013869,0.031820,0.031820
0.011920,0.014466,0.026443,0.026443
0.013434,0.014288,0.028231,0.028231
0.012371,0.015155,0.028662,0.028662
0.012236,0.014330,0.038865,0.038865
0.011135,0.014329,0.025256,0.025256
0.013413,0.014052,0.023467,0.023467
0.014459,0.014345,0.028545,0.028545
0.013959,0.014421,0.032530,0.032530
0.013959,0.014421,0.032530,0.032530
0.012006,0.014360,0.059027,0.059027
0.012829,0.013426,0.024538,0.024538
0.014165,0.014362,0.026150,0.026150
0.011233,0.014153,0.026215,0.026215
0.012658,0.014397,0.031978,0.031978
0.012146,0.014215,0.026249,0.026249
0.011869,0.014082,0.022121,0.022121
0.011903,0.013846,0.025519,0.025519
0.012781,0.014526,0.031153,0.031153
0.012933,0.006098,0.021398,0.021398
0.022853,0.013999,0.022548,0.022548
0.011705,0.014441,0.027114,0.027114
0.012840,0.014717,0.025053,0.025053
0.011596,0.014735,0.029115,0.029115
0.032189,0.030307,0.040008,0.040008
0.020608,0.020601,0.024779,0.024779
0.011837,0.014131,0.045776,0.045776
0.012110,0.014202,0.024741,0.024741
0.014700,0.042132,0.043825,0.043825
0.012367,0.014109,0.028553,0.028553
0.013692,0.014129,0.051972,0.051972
0.039285,0.039284,0.052686,0.052686
0.013269,0.014233,0.022512,0.022512
0.012716,0.014597,0.032164,0.032164
0.011945,0.031444,0.024416,0.024416
0.031458,0.038537,0.037136,0.037136
0.051254,0.014200,0.042204,0.042204
0.013882,0.014487,0.026906,0.026906
0.012379,0.042633,0.023495,0.023495
0.012948,0.014302,0.029727,0.029727
0.026314,0.014399,0.042633,0.042633
0.014401,0.014011,0.029379,0.029379
0.011239,0.037535,0.034713,0.034713
0.017283,0.006976,0.022996,0.022996
0.023584,0.023089,0.024855,0.024855
0.018930,0.018925,0.033872,0.033872
0.012436,0.014324,0.046751,0.046751
0.039791,0.015006,0.026312,0.026312
0.012667,0.014134,0.063644,0.063644
0.013774,0.016757,0.021177,0.021177
0.016760,0.014447,0.026241,0.026241
0.012739,0.014363,0.023679,0.023679
0.013730,0.014494,0.025378,0.025378
0.012089,0.014114,0.026190,0.026190
0.013662,0.014326,0.027274,0.027274
0.013252,0.021857,0.024146,0.024146
0.021857,0.013942,0.028037,0.028037
0.011732,0.014480,0.025504,0.025504
0.014264,0.014598,0.027413,0.027413
0.012179,0.014524,0.025526,0.025526
0.012179,0.014790,0.031571,0.031571
0.012541,0.014790,0.031571,0.031571
0.011822,0.007313,0.024763,0.024763
0.011836,0.014164,0.027007,0.027007
0.012494,0.017989,0.024616,0.024616
0.013940,0.014382,0.026163,0.026163
0.012084,0.014173,0.021746,0.021746
0.012093,0.014305,0.025397,0.025397
0.012231,0.014644,0.027742,0.027742
0.012318,0.014296,0.023642,0.023642
0.013138,0.014043,0.026359,0.026359
0.012142,0.015850,0.024826,0.024826
0.034553,0.023385,0.026619,0.026619
0.035080,0.014629,0.034414,0.034414
0.014784,0.014341,0.032185,0.032185
0.013023,0.013977,0.037512,0.037512
0.013023,0.013977,0.037512,0.037512
0.014037,0.014224,0.030389,0.030389
0.012094,0.014400,0.023829,0.023829
0.013744,0.014416,0.025546,0.025546
0.032099,0.032085,0.032074,0.032074
0.016692,0.014150,0.027119,0.027119
0.011888,0.014222,0.031385,0.031385
0.011888,0.014222,0.031385,0.031385
0.012554,0.014404,0.026181,0.026181
0.013067,0.014683,0.041700,0.041700
0.011318,0.014219,0.027608,0.027608
0.013442,0.014385,0.035163,0.035163
0.011798,0.013960,0.026321,0.026321
0.039214,0.023304,0.031466,0.031466
0.012600,0.014122,0.026590,0.026590
0.013680,0.014334,0.031341,0.031341
0.012274,0.014396,0.033076,0.033076
0.012658,0.014327,0.028053,0.028053
0.012452,0.014480,0.026312,0.026312
0.012090,0.006281,0.021559,0.021559
0.012090,0.006281,0.030594,0.030594
0.012101,0.014663,0.030594,0.030594
0.011730,0.014311,0.025161,0.025161
0.011797,0.014320,0.025540,0.025540
0.013009,0.014506,0.038084,0.038084
0.012207,0.004358,0.021453,0.021453
0.033651,0.014198,0.027962,0.027962
0.013913,0.014498,0.022965,0.022965
0.011619,0.010240,0.024348,0.024348
0.012323,0.013950,0.021027,0.021027
0.011349,0.011808,0.023772,0.023772
0.012324,0.014228,0.024236,0.024236
0.037080,0.014673,0.025655,0.025655
0.011537,0.014108,0.025848,0.025848
0.011555,0.014446,0.034170,0.034170
0.012355,0.014039,0.028420,0.028420
0.011981,0.014105,0.023074,0.023074
0.013112,0.014203,0.024251,0.024251
0.016129,0.014318,0.029191,0.029191
0.011330,0.014007,0.023768,0.023768
0.012255,0.014187,0.027534,0.027534
0.012671,0.014650,0.041156,0.041156
0.014302,0.014315,0.024474,0.024474
0.013695,0.014176,0.021922,0.021922
0.010810,0.014109,0.025194,0.025194
0.012364,0.014157,0.026664,0.026664
0.026885,0.025567,0.030306,0.030306
0.011504,0.013780,0.023514,0.023514
0.014144,0.013961,0.024390,0.024390
0.015950,0.009574,0.025115,0.025115
0.022513,0.014318,0.024491,0.024491
0.010806,0.014092,0.032752,0.032752
0.012143,0.005027,0.023581,0.023581
0.012280,0.032295,0.025869,0.025869
0.012703,0.014184,0.030825,0.030825
0.012746,0.014259,0.035606,0.035606
0.032327,0.014540,0.036574,0.036574
0.012994,0.005987,0.027930,0.027930
0.011182,0.006355,0.022862,0.022862
0.013080,0.013606,0.024399,0.024399
0.013494,0.014084,0.026779,0.026779
0.013549,0.014296,0.036752,0.036752
0.013939,0.014356,0.025627,0.025627
0.014267,0.018275,0.028331,0.028331
0.015998,0.016036,0.027873,0.027873
0.012557,0.008982,0.053402,0.053402
0.012187,0.013987,0.045079,0.045079
0.011255,0.014238,0.034789,0.034789
0.012715,0.014431,0.035495,0.035495
0.014016,0.006563,0.025184,0.025184
0.013611,0.014442,0.025494,0.025494
0.012440,0.025219,0.022536,0.022536
0.041847,0.014363,0.030498,0.030498
0.012389,0.014152,0.042501,0.042501
0.011766,0.014231,0.024225,0.024225
0.012770,0.014403,0.026462,0.026462
0.014592,0.014120,0.022563,0.022563
0.012876,0.002839,0.021905,0.021905
0.029429,0.029434,0.034674,0.034674
0.012716,0.014455,0.025930,0.025930
0.014557,0.014064,0.027554,0.027554
0.011472,0.013773,0.023195,0.023195
0.012036,0.014381,0.029408,0.029408
0.013268,0.014671,0.033987,0.033987
0.019360,0.013113,0.024269,0.024269
0.033450,0.014240,0.025948,0.025948
0.011979,0.014095,0.023442,0.023442
0.037773,0.022668,0.028149,0.028149
0.011720,0.013871,0.023812,0.023812
0.013120,0.014232,0.024643,0.024643
0.013180,0.014356,0.029263,0.029263
0.012330,0.042097,0.027338,0.027338
0.042096,0.014811,0.041767,0.041767
0.011278,0.014234,0.023637,0.023637
0.011563,0.005819,0.026404,0.026404
0.013411,0.014535,0.029373,0.029373
0.011353,0.022382,0.026660,0.026660
0.029507,0.014413,0.029164,0.029164
0.011628,0.014161,0.022153,0.022153
0.014500,0.014311,0.026186,0.026186
0.011263,0.014389,0.022856,0.022856
0.013222,0.013777,0.022561,0.022561
0.013222,0.013777,0.022561,0.022561
0.013222,0.014302,0.024422,0.024422
0.012120,0.006136,0.023342,0.023342
0.020889,0.020904,0.024045,0.024045
0.030529,0.028095,0.037235,0.037235
0.021325,0.014214,0.024029,0.024029
0.013974,0.014263,0.031507,0.031507
0.012140,0.014375,0.037563,0.037563
0.012736,0.000404,0.022469,0.022469
0.012313,0.010006,0.024942,0.024942
0.012263,0.014375,0.045158,0.045158
0.014037,0.014227,0.026468,0.026468
0.034674,0.025930,0.026550,0.026550
0.012593,0.014301,0.022798,0.022798
0.013239,0.014335,0.034816,0.034816
0.013388,0.014512,0.034556,0.034556
0.011288,0.014170,0.020728,0.020728
0.011901,0.014176,0.035988,0.035988
0.013832,0.014786,0.035161,0.035161
0.013651,0.014289,0.040719,0.040719
0.012669,0.008949,0.022295,0.022295
0.012310,0.014024,0.033983,0.033983
0.013020,0.014490,0.034547,0.034547
0.011525,0.014368,0.025625,0.025625
0.038730,0.014494,0.026301,0.026301
0.014785,0.014488,0.021738,0.021738
0.012092,0.014488,0.021337,0.021337
0.016667,0.019880,0.047513,0.047513
0.013544,0.013855,0.029373,0.029373
0.014821,0.008073,0.023507,0.023507
0.015583,0.014762,0.025848,0.025848
0.012943,0.014164,0.033611,0.033611
0.011686,0.014142,0.023400,0.023400
0.012060,0.014208,0.020814,0.020814
0.012638,0.014276,0.020831,0.020831
0.012227,0.014317,0.021410,0.021410
0.014840,0.014474,0.024860,0.024860
0.012045,0.005429,0.023300,0.023300
0.015195,0.007457,0.023603,0.023603
0.012598,0.014011,0.034657,0.034657
0.013271,0.014172,0.033710,0.033710
0.012272,0.014270,0.022204,0.022204
0.019118,0.014238,0.022527,0.022527
0.011561,0.014127,0.023896,0.023896
0.012446,0.014203,0.026154,0.026154
0.016376,0.014099,0.030531,0.030531
0.015251,0.014248,0.028119,0.028119
0.024806,0.029957,0.036230,0.036230
0.012431,0.013867,0.027639,0.027639
0.015884,0.007825,0.025249,0.025249
0.011820,0.014709,0.022970,0.022970
0.013550,0.014745,0.036625,0.036625
0.048538,0.019861,0.025544,0.025544
0.012506,0.014017,0.023267,0.023267
0.014387,0.014519,0.028726,0.028726
0.013612,0.014573,0.021030,0.021030
0.011616,0.014177,0.023275,0.023275
0.023989,0.023990,0.033964,0.033964
0.013972,0.014485,0.028706,0.028706
0.011641,0.014188,0.021955,0.021955
0.012734,0.027968,0.032762,0.032762
0.012880,0.014343,0.023906,0.023906
0.014854,0.014367,0.022633,0.022633
0.013307,0.014220,0.022980,0.022980
0.012754,0.014099,0.043379,0.043379
0.029573,0.022661,0.029082,0.029082
0.019689,0.017511,0.024779,0.024779
0.016875,0.010155,0.023074,0.023074
0.011663,0.014057,0.023531,0.023531
0.012181,0.000514,0.024421,0.024421
0.011597,0.036890,0.024439,0.024439
0.012369,0.014036,0.025268,0.025268
0.013245,0.014190,0.028090,0.028090
0.063526,0.014355,0.039393,0.039393
0.012418,0.014481,0.021997,0.021997
0.029487,0.032058,0.031189,0.031189
0.012425,0.014203,0.023365,0.023365
0.021892,0.021900,0.029107,0.029107
0.013846,0.013887,0.024692,0.024692
0.013298,0.014180,0.023336,0.023336
0.013215,0.014146,0.022324,0.022324
0.011419,0.014404,0.025930,0.025930
0.013591,0.017172,0.026824,0.026824
0.017172,0.014191,0.037980,0.037980
0.012283,0.014309,0.021969,0.021969
0.013629,0.011612,0.020659,0.020659
0.013629,0.014465,0.020659,0.020659
0.020434,0.014465,0.022795,0.022795
0.012592,0.002239,0.026032,0.026032
0.012521,0.014008,0.023165,0.023165
0.012253,0.002358,0.030367,0.030367
0.012253,0.002358,0.030367,0.030367
0.011916,0.014096,0.047148,0.047148
0.014113,0.014195,0.024123,0.024123
0.012880,0.014237,0.025191,0.025191
0.012943,0.014324,0.031555,0.031555
0.014356,0.006594,0.031833,0.031833
0.011916,0.013778,0.040436,0.040436
0.024906,0.022656,0.026477,0.026477
0.011604,0.014447,0.021795,0.021795
0.011771,0.014542,0.022783,0.022783
0.012724,0.014277,0.022003,0.022003
0.013177,0.014200,0.021716,0.021716
0.011514,0.014396,0.026442,0.026442
0.012431,0.014488,0.022969,0.022969
0.013413,0.014158,0.020010,0.020010
0.012962,0.006065,0.023089,0.023089
0.014665,0.014479,0.031654,0.031654
0.042154,0.016986,0.029032,0.029032
0.013082,0.014314,0.024092,0.024092
0.013437,0.014482,0.032260,0.032260
0.012996,0.014273,0.022298,0.022298
0.012087,0.014668,0.024476,0.024476
0.014058,0.014261,0.025871,0.025871
0.012398,0.014236,0.022322,0.022322
0.013121,0.002878,0.029514,0.029514
0.012878,0.014147,0.024472,0.024472
0.012496,0.009520,0.021278,0.021278
0.012860,0.014762,0.035136,0.035136
0.012510,0.005044,0.022369,0.022369
0.015366,0.014270,0.024680,0.024680
0.014432,0.014116,0.025910,0.025910
0.014933,0.013903,0.027809,0.027809
0.015490,0.014280,0.028951,0.028951
0.021583,0.004143,0.023305,0.023305
0.011989,0.013951,0.026378,0.026378
0.013176,0.014219,0.026640,0.026640
0.011981,0.000872,0.024942,0.024942
0.013802,0.014453,0.027529,0.027529
0.011458,0.005247,0.024533,0.024533
0.011613,0.014456,0.028428,0.028428
0.011927,0.014196,0.028040,0.028040
0.013934,0.014329,0.029618,0.029618
0.013566,0.013888,0.030183,0.030183
0.013505,0.014272,0.028489,0.028489
0.014554,0.014240,0.027980,0.027980
0.011856,0.014418,0.035004,0.035004
0.012132,0.013877,0.031110,0.031110
0.014376,0.002778,0.029703,0.029703
0.015917,0.014329,0.065600,0.065600
0.012186,0.002278,0.023382,0.023382
0.012574,0.014199,0.026729,0.026729
0.014720,0.014392,0.030686,0.030686
0.014112,0.014222,0.023104,0.023104
0.049026,0.026896,0.027359,0.027359
0.012459,0.014125,0.028871,0.028871
0.012509,0.004939,0.023146,0.023146
0.013925,0.014350,0.028977,0.028977
0.015852,0.014556,0.056916,0.056916
0.013500,0.003355,0.025804,0.025804
0.012015,0.003986,0.029920,0.029920
0.014471,0.014118,0.022356,0.022356
0.019328,0.018199,0.023740,0.023740
0.011959,0.013905,0.028020,0.028020
0.013111,0.014524,0.022168,0.022168
0.013189,0.014353,0.027148,0.027148
0.012518,0.014006,0.021674,0.021674
0.011045,0.014116,0.023311,0.023311
0.014452,0.014425,0.029257,0.029257
0.014757,0.014251,0.022162,0.022162
0.014041,0.001509,0.035481,0.035481
0.022962,0.014264,0.023532,0.023532
0.015343,0.014401,0.024929,0.024929
0.036359,0.014655,0.024475,0.024475
0.013770,0.014414,0.025858,0.025858
0.023302,0.022556,0.035320,0.035320
0.012809,0.014678,0.025706,0.025706
0.038195,0.038075,0.044560,0.044560
0.012677,0.014464,0.029477,0.029477
0.015461,0.014353,0.028772,0.028772
0.012342,0.014155,0.030277,0.030277
0.015024,0.014420,0.043446,0.043446
0.037009,0.042841,0.044499,0.044499
0.033076,0.028930,0.029727,0.029727
0.012693,0.014350,0.024172,0.024172
0.013587,0.006908,0.038764,0.038764
0.013136,0.014532,0.021883,0.021883
0.013492,0.014746,0.029344,0.029344
0.013948,0.014361,0.029750,0.029750
0.014115,0.014836,0.023619,0.023619
0.012616,0.012917,0.027520,0.027520
0.012958,0.014520,0.042599,0.042599
0.028432,0.022422,0.024308,0.024308
0.026363,0.023000,0.022797,0.022797
0.039720,0.030607,0.036732,0.036732
0.013221,0.014429,0.028372,0.028372
0.013160,0.002023,0.026701,0.026701
0.050952,0.016198,0.043144,0.043144
0.031481,0.022569,0.023337,0.023337
0.013350,0.014320,0.031498,0.031498
0.015816,0.014579,0.023158,0.023158
0.025171,0.020243,0.032798,0.032798
0.011718,0.014454,0.027964,0.027964
0.012303,0.014441,0.028723,0.028723
0.014307,0.014210,0.024723,0.024723
0.012235,0.014487,0.029395,0.029395
0.016629,0.002951,0.024020,0.024020
0.013972,0.014454,0.030784,0.030784
0.012368,0.008188,0.024194,0.024194
0.015111,0.014040,0.024002,0.024002
0.013444,0.014488,0.039497,0.039497
0.013311,0.014184,0.047444,0.047444
0.031248,0.023167,0.033689,0.033689
0.023167,0.017385,0.027328,0.027328
0.035552,0.023459,0.026685,0.026685
0.012658,0.014322,0.033246,0.033246
0.012510,0.003260,0.032038,0.032038
0.017121,0.014571,0.031577,0.031577
0.012652,0.003762,0.026151,0.026151
0.014429,0.014510,0.039877,0.039877
0.014049,0.002254,0.032971,0.032971
0.015736,0.004347,0.026743,0.026743
0.014801,0.004266,0.046049,0.046049
0.012495,0.005015,0.027521,0.027521
0.012727,0.003341,0.028336,0.028336
0.014795,0.014423,0.024497,0.024497
0.017326,0.014551,0.027764,0.027764
0.015826,0.006199,0.034626,0.034626
0.013548,0.012356,0.033579,0.033579
0.013286,0.014621,0.032400,0.032400
